cluster,strata,weight_raw,age,residence,education,wealth,married_or_union,modern_contraceptive_use
11,1,940164,44,Urban,Secondary,Lowest,0,0
93,6,1196019,39,Urban,Primary,Second,0,0
79,6,490437,38,Rural,Primary,Second,1,0
53,4,1216496,33,Urban,No education,Second,1,0
52,2,1683349,15,Rural,Secondary,Highest,1,0
104,1,459373,28,Urban,Secondary,Lowest,0,1
11,1,757537,40,Urban,Primary,Middle,1,0
84,6,1324987,43,Urban,No education,Highest,1,1
25,2,1206976,34,Urban,Primary,Highest,1,0
12,12,1295863,39,Urban,Secondary,Fourth,1,0
64,3,1117325,15,Rural,Primary,Highest,1,0
118,8,1308011,31,Urban,Secondary,Middle,1,0
89,9,1194550,32,Rural,Primary,Fourth,1,1
92,6,364809,46,Rural,Primary,Middle,1,0
87,11,1414489,25,Rural,Secondary,Lowest,0,0
95,2,942600,23,Rural,Primary,Lowest,1,0
62,3,329748,27,Urban,No education,Highest,1,0
16,4,884004,20,Urban,Higher,Lowest,1,1
101,2,924528,34,Urban,No education,Second,1,0
55,4,384402,37,Rural,Primary,Fourth,1,1
61,4,1793936,43,Rural,Primary,Middle,1,0
45,10,594670,49,Urban,Primary,Middle,1,0
22,4,762519,17,Rural,Secondary,Highest,1,1
112,11,933492,23,Rural,No education,Fourth,0,0
94,10,1540384,25,Rural,Higher,Highest,1,1
78,11,1401504,23,Rural,Secondary,Fourth,1,1
49,2,1444992,43,Rural,Higher,Highest,1,1
99,12,617446,19,Rural,Secondary,Fourth,1,0
66,8,1560423,16,Rural,Higher,Middle,1,1
54,12,1536112,45,Urban,Secondary,Highest,1,1
55,5,968981,48,Urban,Primary,Highest,1,0
28,12,1095987,22,Rural,Primary,Lowest,1,0
12,8,307567,26,Rural,Secondary,Highest,1,0
67,1,1428653,32,Rural,Primary,Fourth,1,0
107,5,1739429,33,Rural,Secondary,Highest,1,1
8,2,982461,49,Urban,No education,Fourth,1,0
103,12,1087777,29,Rural,Secondary,Highest,1,0
100,4,1023751,15,Urban,Primary,Second,0,0
34,3,378099,29,Rural,Higher,Lowest,1,1
76,7,1210565,34,Rural,No education,Lowest,1,0
20,6,1368240,33,Urban,No education,Second,1,1
91,2,1688354,32,Urban,Secondary,Second,1,1
85,10,1691168,47,Rural,Secondary,Middle,1,1
43,11,1012309,43,Urban,Secondary,Lowest,1,0
9,9,1736424,23,Urban,Higher,Lowest,1,1
117,8,1069419,27,Rural,Primary,Middle,1,0
54,5,1245168,38,Urban,Secondary,Fourth,1,0
108,7,1183095,29,Rural,Primary,Lowest,0,0
82,7,1797957,29,Urban,Secondary,Middle,1,0
94,2,1393148,20,Rural,Primary,Fourth,0,0
92,1,436007,23,Urban,No education,Fourth,1,0
24,4,361368,40,Urban,Secondary,Lowest,1,1
44,6,885315,44,Urban,Secondary,Fourth,1,1
57,2,1049315,42,Urban,No education,Lowest,1,0
60,2,1286366,25,Urban,Higher,Second,1,0
6,11,996466,19,Urban,Secondary,Second,1,0
66,5,1047693,20,Urban,No education,Highest,1,1
19,8,1678611,28,Rural,Secondary,Lowest,0,0
90,7,769061,33,Rural,Primary,Fourth,1,0
82,9,1014935,46,Urban,No education,Highest,1,0
111,9,1113947,46,Urban,Secondary,Highest,1,0
90,4,975896,15,Rural,No education,Second,1,0
44,11,1750586,39,Rural,No education,Lowest,1,0
117,5,1741409,25,Rural,Secondary,Second,0,1
50,11,1045337,21,Urban,No education,Fourth,1,0
40,5,948393,34,Rural,Secondary,Lowest,1,0
109,2,1162901,16,Urban,Secondary,Fourth,1,0
45,10,530370,26,Urban,No education,Second,1,0
10,1,910270,34,Urban,Primary,Fourth,0,0
57,10,586219,24,Rural,No education,Fourth,1,0
96,1,473277,35,Urban,Secondary,Middle,1,0
23,3,397540,31,Rural,No education,Fourth,1,0
56,8,1159954,42,Urban,Higher,Highest,1,0
16,12,250880,21,Urban,Primary,Second,1,0
83,5,1251567,16,Rural,Secondary,Middle,0,0
58,2,919515,33,Rural,No education,Fourth,1,0
40,3,818048,23,Urban,Primary,Highest,1,1
28,11,1442326,39,Rural,Primary,Middle,1,1
68,9,1085062,18,Urban,Secondary,Second,1,0
81,2,1386872,35,Urban,Higher,Highest,1,1
113,5,1349685,49,Rural,No education,Highest,1,0
53,4,299831,18,Urban,No education,Middle,1,0
20,3,584013,25,Rural,Primary,Lowest,1,1
100,11,1133473,44,Rural,Primary,Second,0,0
76,8,1762096,33,Urban,Secondary,Middle,1,0
85,3,489138,21,Urban,Higher,Fourth,1,0
12,8,413615,22,Urban,Secondary,Fourth,1,0
38,5,1708668,41,Rural,No education,Highest,1,1
93,1,1748543,45,Rural,Primary,Lowest,1,0
100,6,509415,27,Rural,Secondary,Middle,1,0
53,3,872647,31,Urban,Primary,Fourth,1,0
97,3,1221290,42,Rural,Secondary,Highest,1,0
102,11,552603,21,Urban,Primary,Lowest,0,0
47,9,755669,22,Rural,Primary,Highest,1,0
108,2,862697,42,Rural,Secondary,Lowest,1,0
35,11,1244420,21,Rural,Primary,Lowest,1,0
29,7,727499,41,Urban,Higher,Highest,1,1
82,11,889000,32,Urban,Primary,Fourth,0,0
77,9,698853,49,Urban,No education,Highest,1,0
17,5,1427446,16,Rural,Primary,Fourth,0,0
100,7,487204,48,Rural,No education,Fourth,0,0
24,7,607552,22,Urban,Primary,Middle,1,1
97,9,637483,16,Rural,No education,Middle,1,0
1,3,1653977,40,Rural,Secondary,Middle,1,0
96,4,1713938,33,Urban,Secondary,Second,1,1
95,3,1025324,44,Urban,Primary,Highest,1,0
94,4,492420,18,Urban,No education,Second,1,0
80,2,1421944,17,Rural,Primary,Fourth,1,1
57,1,1012740,34,Rural,Secondary,Fourth,1,0
85,12,1567081,45,Rural,Secondary,Middle,1,0
34,1,807991,29,Rural,No education,Fourth,1,1
94,11,1798184,42,Rural,Secondary,Lowest,1,0
67,1,1500855,46,Rural,Primary,Second,1,0
56,10,597115,45,Rural,Primary,Middle,1,0
61,4,1374595,32,Rural,No education,Second,1,1
69,7,694683,39,Rural,Higher,Highest,0,0
5,4,792177,33,Rural,No education,Highest,1,0
17,6,638171,38,Rural,Primary,Fourth,1,1
30,6,1307440,34,Rural,No education,Second,1,0
14,7,657450,33,Rural,Secondary,Lowest,1,1
53,5,1240138,30,Rural,Primary,Fourth,1,0
81,7,1152789,37,Rural,Primary,Highest,1,0
79,10,1413738,41,Rural,Primary,Middle,1,0
57,6,1789959,47,Rural,Secondary,Highest,1,1
103,5,263671,36,Rural,Primary,Highest,1,0
68,2,1784931,18,Rural,Higher,Middle,0,0
10,5,419497,35,Rural,Primary,Second,1,1
92,2,1066498,26,Urban,Primary,Lowest,0,0
69,3,778379,15,Rural,Higher,Fourth,1,1
77,12,1240492,17,Rural,Secondary,Middle,1,1
68,2,1368691,35,Rural,Primary,Lowest,1,0
67,6,1582954,48,Rural,Secondary,Lowest,0,0
11,11,873068,32,Rural,Primary,Highest,1,1
68,12,1696046,30,Rural,Primary,Second,1,0
96,2,749774,18,Urban,Secondary,Second,1,1
37,2,565983,38,Rural,Secondary,Fourth,0,1
73,5,837654,16,Urban,Primary,Second,1,1
4,7,1069239,44,Rural,Secondary,Highest,1,1
42,12,1285647,43,Rural,Primary,Fourth,1,0
53,3,1540897,49,Rural,No education,Second,1,0
118,2,598528,24,Urban,Higher,Second,0,0
26,4,719963,20,Urban,Secondary,Highest,1,1
34,11,1704952,25,Rural,Secondary,Middle,1,1
50,1,931704,42,Rural,Secondary,Highest,1,1
120,5,624434,22,Urban,Secondary,Second,1,0
103,2,1777712,46,Rural,Primary,Lowest,0,0
5,2,945905,20,Urban,Higher,Highest,0,0
29,12,1776822,16,Rural,Secondary,Second,0,0
99,1,1674939,22,Urban,Secondary,Highest,1,0
7,4,1654465,41,Urban,Primary,Fourth,0,1
103,11,1151849,36,Urban,Primary,Second,1,0
34,8,1487594,27,Rural,No education,Fourth,0,0
111,1,1738860,37,Rural,Primary,Lowest,1,0
36,6,667152,37,Rural,No education,Second,1,0
53,12,308509,34,Rural,Secondary,Second,1,1
80,5,747317,32,Urban,Secondary,Fourth,0,0
16,7,1237192,18,Urban,Primary,Middle,1,0
67,7,1098288,24,Urban,Primary,Fourth,1,0
61,8,374906,33,Rural,Secondary,Middle,1,1
95,3,1119204,19,Urban,No education,Fourth,1,1
120,11,520317,31,Rural,Higher,Lowest,1,1
80,12,1033529,19,Urban,Primary,Fourth,0,0
50,2,1142335,42,Urban,No education,Lowest,1,1
49,10,1236838,18,Urban,No education,Lowest,1,0
51,10,889459,18,Urban,Higher,Fourth,1,1
98,9,882900,37,Rural,Primary,Lowest,1,1
39,5,1301788,22,Rural,Secondary,Fourth,1,0
21,6,1411219,27,Urban,No education,Lowest,0,1
41,11,1501998,25,Rural,Primary,Lowest,1,0
3,2,767002,22,Rural,Secondary,Highest,1,0
13,10,907318,41,Rural,No education,Lowest,1,0
11,12,762549,39,Rural,No education,Highest,0,1
93,9,1067693,23,Rural,Primary,Second,1,0
87,5,447200,39,Rural,Secondary,Fourth,1,1
84,7,916641,39,Rural,Primary,Highest,1,0
56,1,542503,33,Rural,No education,Lowest,1,0
87,12,1075231,35,Rural,Higher,Second,1,1
20,5,1568307,47,Urban,Secondary,Middle,1,0
109,1,1777363,30,Rural,Secondary,Highest,1,1
61,10,941737,28,Rural,Secondary,Lowest,1,1
113,8,337311,33,Urban,Secondary,Lowest,1,0
19,8,603195,44,Rural,Primary,Second,1,0
60,1,412469,39,Rural,Primary,Second,1,0
84,10,1426978,17,Urban,Secondary,Second,1,1
60,8,1776242,31,Rural,Secondary,Lowest,0,0
54,10,1108670,40,Rural,Higher,Highest,0,1
20,10,524114,22,Rural,Secondary,Fourth,1,1
46,3,282791,49,Urban,Primary,Lowest,1,1
29,3,1762941,43,Urban,Primary,Middle,1,0
37,12,740360,44,Rural,Secondary,Fourth,1,0
83,7,423616,17,Urban,Primary,Fourth,1,1
76,6,524352,35,Urban,Secondary,Highest,1,1
73,4,645645,33,Urban,Secondary,Fourth,1,1
44,8,1266602,36,Urban,No education,Fourth,0,0
116,10,1632264,44,Rural,Secondary,Lowest,1,1
11,1,676298,27,Rural,Secondary,Lowest,1,1
42,7,1315223,33,Rural,Higher,Fourth,1,1
15,12,350667,38,Rural,Primary,Highest,1,1
41,4,265659,41,Rural,Secondary,Second,0,0
116,4,335149,41,Urban,Primary,Fourth,1,0
44,11,1680849,26,Urban,Secondary,Second,1,0
110,1,1151677,49,Urban,No education,Middle,1,0
60,5,1498013,15,Urban,Secondary,Fourth,0,1
84,6,283671,32,Urban,Higher,Fourth,1,0
55,10,284461,36,Urban,Secondary,Lowest,1,1
32,2,1565627,17,Urban,Secondary,Highest,0,0
92,6,409046,30,Rural,No education,Highest,1,0
117,2,490865,35,Rural,Secondary,Middle,1,1
32,10,1054364,36,Rural,Primary,Second,1,1
94,8,1190177,19,Rural,Secondary,Middle,1,0
32,6,604771,24,Rural,No education,Highest,1,0
87,5,939266,23,Urban,Secondary,Middle,1,1
95,2,1296050,37,Rural,Primary,Lowest,0,0
54,12,936419,26,Urban,Secondary,Lowest,1,1
89,8,843112,35,Rural,Secondary,Highest,0,0
33,4,361285,40,Rural,Primary,Fourth,1,0
10,5,950406,42,Rural,Primary,Fourth,1,1
12,9,1494265,21,Urban,Secondary,Lowest,1,0
54,9,1221476,46,Rural,Secondary,Lowest,1,0
109,6,1634231,20,Rural,No education,Second,1,0
16,4,445565,15,Rural,Primary,Second,0,0
55,8,267075,16,Rural,Primary,Second,1,0
85,8,1099646,22,Rural,Secondary,Middle,0,0
25,8,526836,45,Urban,Secondary,Second,1,0
87,1,1170686,22,Rural,No education,Lowest,1,0
37,6,1651051,39,Rural,Secondary,Middle,0,0
98,8,772562,29,Urban,Secondary,Fourth,1,1
70,12,1101715,16,Urban,Secondary,Fourth,1,1
66,7,1306628,30,Rural,No education,Second,1,0
22,5,482561,15,Rural,Primary,Second,1,0
56,7,1640931,31,Rural,Primary,Middle,0,1
103,3,564325,34,Rural,No education,Lowest,1,0
3,2,1502825,33,Rural,Primary,Highest,0,0
92,9,1272978,24,Rural,No education,Highest,1,1
60,12,468495,41,Urban,No education,Lowest,0,0
87,11,1373466,35,Rural,Secondary,Highest,1,0
80,8,554534,23,Rural,Primary,Lowest,1,0
52,1,1179111,30,Urban,Secondary,Middle,0,1
38,12,1737506,18,Rural,No education,Fourth,1,0
76,6,1727379,47,Urban,Secondary,Second,1,0
17,4,1600419,41,Rural,Primary,Second,0,0
71,11,1015798,25,Rural,Secondary,Lowest,1,1
12,9,1117283,38,Rural,Secondary,Fourth,1,0
78,9,715421,38,Rural,Primary,Lowest,1,0
76,4,1677485,36,Rural,Secondary,Middle,1,0
11,12,989711,16,Rural,Primary,Second,1,1
91,6,1446020,45,Rural,Secondary,Highest,1,0
50,7,807482,48,Rural,No education,Highest,0,0
95,10,1397657,49,Urban,Primary,Highest,0,0
5,8,597844,49,Urban,Primary,Fourth,0,0
22,3,1387383,47,Rural,Secondary,Middle,1,0
60,4,321243,40,Urban,Primary,Second,1,1
23,5,412469,16,Urban,Secondary,Lowest,1,0
40,12,795929,31,Rural,Primary,Highest,0,0
80,9,997155,23,Rural,Primary,Second,1,0
18,5,1352684,22,Urban,Primary,Middle,1,0
82,9,806531,44,Rural,Higher,Lowest,1,0
13,9,278578,43,Rural,Secondary,Second,0,1
22,5,754360,33,Rural,No education,Fourth,1,0
71,5,930726,40,Urban,Secondary,Middle,0,1
96,11,1092765,19,Rural,Primary,Middle,0,0
21,7,1248214,22,Urban,No education,Second,1,0
36,2,633877,45,Rural,Secondary,Lowest,1,0
112,9,1196126,30,Urban,No education,Highest,1,0
119,8,1228960,34,Rural,Primary,Middle,1,0
70,7,1453805,31,Urban,Secondary,Second,1,0
54,9,1059177,22,Rural,Primary,Second,0,1
42,11,1506305,43,Urban,Secondary,Fourth,1,1
74,4,593485,41,Rural,Secondary,Middle,1,1
71,6,1353144,38,Rural,Secondary,Second,0,0
36,3,321058,27,Urban,Secondary,Highest,1,1
3,8,409336,37,Urban,Secondary,Highest,1,1
19,5,1590317,48,Urban,Primary,Lowest,0,1
116,5,986284,37,Urban,Secondary,Fourth,1,1
51,9,1212310,32,Rural,Primary,Highest,1,0
58,5,1185279,24,Rural,Higher,Middle,1,1
57,6,1327035,33,Urban,No education,Lowest,1,0
94,6,630627,28,Rural,Secondary,Lowest,1,1
8,4,526304,36,Urban,Secondary,Fourth,1,1
10,2,315955,16,Rural,Primary,Highest,1,0
34,10,1590390,21,Rural,Secondary,Lowest,1,1
59,2,596564,42,Rural,Primary,Middle,1,0
81,4,1141513,28,Rural,No education,Middle,0,0
59,9,955086,30,Rural,Secondary,Second,1,0
53,2,501652,34,Rural,Primary,Fourth,0,0
113,8,891591,30,Urban,No education,Highest,1,0
20,9,378963,41,Rural,No education,Second,1,0
69,8,523833,23,Rural,Primary,Lowest,1,0
66,4,466525,41,Rural,Secondary,Second,1,0
57,1,1527844,22,Urban,Secondary,Second,1,0
97,11,1129497,27,Urban,Secondary,Fourth,1,0
33,4,1684814,35,Rural,No education,Middle,1,0
115,10,925777,46,Rural,Secondary,Lowest,1,0
40,3,562089,23,Rural,Secondary,Second,1,0
66,2,1193308,35,Rural,Secondary,Fourth,0,0
63,10,1690838,17,Rural,Primary,Middle,1,1
102,12,1075518,17,Urban,No education,Middle,1,0
53,11,277684,41,Rural,Higher,Second,1,1
35,10,720616,40,Urban,Secondary,Second,1,1
3,3,1683691,28,Urban,No education,Lowest,1,1
44,11,1053441,36,Urban,Secondary,Lowest,1,1
100,9,1725489,28,Rural,No education,Lowest,0,0
2,3,1039369,24,Rural,No education,Fourth,1,0
108,2,268680,30,Rural,Secondary,Lowest,1,0
66,11,1603229,25,Urban,Secondary,Middle,1,0
17,4,1432679,43,Rural,Primary,Highest,1,0
37,10,1358634,29,Rural,Higher,Fourth,0,0
67,2,1753812,26,Rural,Secondary,Middle,1,0
38,4,554100,33,Rural,No education,Lowest,1,0
14,4,1654148,41,Rural,Secondary,Middle,1,0
80,4,610566,24,Rural,Secondary,Highest,1,0
81,9,1754600,47,Rural,Secondary,Second,1,0
15,11,546717,31,Rural,Higher,Highest,1,1
34,11,1103001,38,Rural,Secondary,Fourth,1,0
30,9,1473483,48,Rural,No education,Second,0,0
80,3,371142,30,Urban,Primary,Lowest,1,0
88,12,353393,21,Rural,Secondary,Lowest,1,1
88,7,1567173,41,Rural,Higher,Second,1,0
113,7,343661,15,Rural,No education,Second,1,0
93,9,1201433,31,Rural,No education,Fourth,0,0
39,10,1704241,49,Urban,Secondary,Middle,1,1
13,12,1202841,29,Rural,No education,Middle,1,0
74,7,995550,38,Urban,No education,Fourth,1,1
110,8,896743,33,Rural,Secondary,Fourth,1,1
118,9,1239153,22,Urban,Secondary,Fourth,1,0
28,4,1136355,26,Rural,Secondary,Highest,1,1
29,4,1027738,33,Rural,Secondary,Second,1,1
5,8,488048,18,Rural,Primary,Highest,1,0
17,1,1277134,29,Urban,Higher,Middle,1,1
67,4,1396643,29,Rural,Primary,Lowest,1,0
66,9,1348725,44,Rural,Primary,Lowest,0,0
45,12,366276,19,Rural,Secondary,Lowest,0,0
38,7,1339466,44,Rural,Secondary,Highest,1,0
100,5,1381160,29,Urban,Secondary,Lowest,1,0
56,6,534292,37,Rural,No education,Highest,1,1
97,9,1565916,34,Urban,Higher,Fourth,1,1
116,7,1061961,25,Urban,Secondary,Middle,1,0
39,1,982326,47,Rural,Secondary,Highest,1,0
25,7,1370240,22,Rural,Higher,Highest,1,1
115,5,1040237,16,Urban,Primary,Highest,0,0
77,9,1094354,41,Urban,Secondary,Middle,1,0
35,11,733932,36,Urban,Secondary,Second,1,0
75,12,1688208,46,Urban,Secondary,Lowest,1,0
62,8,1752660,31,Rural,Secondary,Highest,1,0
109,5,452168,15,Urban,Secondary,Highest,1,0
31,6,1386342,15,Rural,No education,Middle,0,0
119,3,286168,30,Urban,Primary,Lowest,1,0
113,12,821932,23,Urban,Higher,Highest,1,1
22,11,1753496,47,Rural,Higher,Second,0,0
20,11,520951,19,Urban,Higher,Middle,1,0
64,4,834348,45,Rural,No education,Fourth,1,0
6,4,590348,22,Rural,Primary,Lowest,0,1
36,11,1378741,19,Rural,Secondary,Lowest,0,1
53,7,969079,24,Rural,Secondary,Lowest,1,0
117,9,1169332,20,Urban,No education,Highest,0,0
120,6,1710981,29,Rural,Secondary,Highest,0,0
19,6,1057629,26,Rural,No education,Middle,1,1
108,8,1387926,33,Rural,Primary,Middle,1,0
11,10,401757,33,Urban,Primary,Middle,1,0
90,5,583627,15,Rural,No education,Second,1,1
102,10,1717632,19,Urban,No education,Middle,1,1
107,3,1582319,20,Urban,Higher,Second,1,0
27,5,1267848,21,Rural,Secondary,Fourth,1,0
108,11,836210,18,Urban,Higher,Second,1,1
14,12,559694,26,Urban,Primary,Fourth,1,0
63,12,1570169,34,Urban,Primary,Highest,1,0
57,4,1467222,25,Rural,Primary,Second,1,0
38,11,624634,26,Urban,Secondary,Lowest,1,0
3,12,1164239,31,Rural,Primary,Middle,1,1
93,12,1208923,34,Urban,Secondary,Lowest,1,0
41,1,990069,26,Rural,Secondary,Second,1,1
80,9,1686339,22,Urban,Secondary,Fourth,1,0
50,12,442356,29,Rural,Primary,Middle,1,0
45,10,649735,15,Urban,Secondary,Middle,0,0
107,3,397294,32,Urban,Primary,Fourth,1,0
12,10,1324036,47,Urban,No education,Lowest,1,0
89,2,1248215,28,Urban,Secondary,Middle,1,0
90,6,1780334,18,Urban,Secondary,Lowest,1,0
46,8,1090587,39,Rural,Secondary,Middle,1,0
32,6,483427,19,Rural,No education,Second,1,1
1,9,948866,21,Urban,Higher,Highest,0,0
113,3,387023,20,Rural,Higher,Second,0,1
114,8,1289913,45,Rural,Primary,Second,1,0
29,8,1295002,49,Urban,Secondary,Lowest,1,1
4,8,1579358,34,Urban,Primary,Lowest,1,0
15,4,776590,36,Urban,Secondary,Second,1,0
9,4,730688,37,Urban,Secondary,Second,1,1
100,4,360428,36,Rural,Secondary,Fourth,0,1
108,6,893486,34,Rural,Secondary,Highest,1,0
19,8,986723,49,Rural,Primary,Highest,1,0
90,5,1419448,40,Rural,Secondary,Highest,0,0
22,5,1418344,18,Rural,Secondary,Highest,1,1
45,4,467391,28,Urban,No education,Middle,1,1
72,3,691939,49,Urban,No education,Second,1,0
87,8,1042781,29,Urban,Secondary,Fourth,1,1
105,10,769322,22,Urban,Secondary,Second,1,1
6,4,289597,45,Urban,Primary,Fourth,0,0
24,11,1560834,36,Rural,Higher,Highest,1,1
34,7,1383472,34,Urban,Secondary,Lowest,1,1
38,3,1056111,29,Urban,Primary,Fourth,0,1
120,5,742109,19,Rural,Primary,Highest,0,0
94,1,1556234,28,Urban,Secondary,Middle,1,0
39,1,304685,30,Rural,Secondary,Second,0,0
117,5,941903,47,Urban,Secondary,Second,1,0
60,6,1491489,25,Rural,Primary,Lowest,1,1
61,10,1727111,20,Urban,Secondary,Second,1,1
53,2,639697,29,Rural,Secondary,Fourth,1,0
18,11,1258731,49,Urban,Secondary,Middle,1,0
113,3,544011,31,Urban,No education,Second,1,1
2,2,429643,28,Rural,Secondary,Middle,1,0
21,9,797184,38,Urban,Primary,Highest,1,0
28,10,1621894,37,Urban,No education,Lowest,1,0
34,8,1318687,25,Rural,Secondary,Lowest,1,0
16,2,1008361,48,Urban,Secondary,Highest,1,1
3,2,688368,35,Rural,Secondary,Fourth,1,1
82,5,469540,17,Rural,Secondary,Middle,1,1
117,6,669685,29,Urban,Primary,Highest,1,0
15,12,486669,47,Rural,Primary,Middle,0,0
36,4,539982,28,Urban,Primary,Middle,1,1
61,3,1315677,34,Rural,Primary,Second,0,0
112,12,455682,36,Urban,Secondary,Highest,1,0
84,2,323427,39,Urban,Secondary,Fourth,1,1
92,1,1090627,45,Urban,Secondary,Second,1,0
70,6,694220,20,Rural,No education,Fourth,1,0
51,5,954824,33,Rural,Primary,Fourth,0,0
24,8,466670,33,Rural,No education,Lowest,1,0
104,11,575465,20,Rural,Secondary,Lowest,1,0
97,12,933670,38,Rural,Primary,Middle,1,0
4,4,1319534,19,Rural,Secondary,Fourth,1,0
86,12,892248,30,Rural,Secondary,Fourth,1,1
11,8,1089660,26,Rural,Secondary,Second,1,0
89,1,1058908,20,Urban,Primary,Highest,0,1
100,12,666733,43,Rural,Primary,Middle,0,0
16,2,683436,23,Rural,Secondary,Second,1,0
53,8,909872,23,Urban,Secondary,Lowest,1,0
15,10,299667,44,Rural,No education,Highest,1,1
69,3,1312362,45,Urban,Secondary,Fourth,0,0
112,4,1202298,16,Rural,Primary,Middle,1,1
10,6,724506,24,Urban,Primary,Second,0,0
48,11,829262,39,Rural,Primary,Lowest,1,0
117,3,759486,42,Rural,Primary,Lowest,0,0
37,8,1259569,49,Rural,Primary,Lowest,0,1
16,6,1427566,34,Urban,Primary,Middle,1,0
59,2,418433,15,Rural,Secondary,Lowest,1,1
62,9,890644,45,Rural,Primary,Lowest,1,0
80,10,271354,20,Urban,Secondary,Second,1,1
38,7,950987,19,Urban,Higher,Fourth,1,1
115,3,634856,38,Urban,Primary,Middle,1,0
63,2,770495,36,Urban,No education,Lowest,1,0
35,6,957648,17,Rural,Secondary,Fourth,1,1
116,7,751771,20,Rural,Higher,Middle,1,0
111,7,860811,35,Rural,Secondary,Lowest,1,0
60,3,1435394,23,Rural,No education,Fourth,1,0
3,7,1505968,38,Rural,Primary,Highest,1,1
72,4,259087,29,Rural,No education,Middle,1,0
67,9,835648,35,Rural,Secondary,Lowest,0,0
18,10,1562673,31,Urban,Secondary,Second,1,1
77,8,1072183,27,Rural,Primary,Middle,1,0
101,1,568184,26,Rural,Secondary,Highest,1,1
13,12,1169949,39,Rural,Primary,Highest,1,1
87,1,474639,33,Rural,Secondary,Highest,1,1
17,12,283838,35,Rural,No education,Highest,1,0
90,1,1230259,35,Urban,Secondary,Middle,1,1
51,7,1048456,22,Rural,Secondary,Fourth,1,1
1,2,1422577,46,Urban,Secondary,Fourth,1,0
116,2,784488,34,Rural,Primary,Fourth,1,0
20,9,1574138,40,Urban,Secondary,Fourth,1,0
72,9,902984,45,Rural,Secondary,Lowest,1,0
22,2,1393930,47,Rural,No education,Highest,1,0
112,12,405445,38,Urban,Primary,Lowest,1,1
89,4,400586,42,Rural,Secondary,Middle,1,0
97,4,1463371,31,Rural,Primary,Middle,1,0
52,4,1542678,40,Rural,No education,Highest,1,0
57,6,1710726,26,Urban,No education,Lowest,1,0
77,3,753164,39,Urban,No education,Middle,1,1
95,6,284516,18,Rural,Primary,Second,1,1
102,3,1768852,46,Rural,Secondary,Lowest,0,0
3,1,1182127,23,Rural,No education,Second,1,0
80,5,633038,37,Urban,Secondary,Middle,1,0
14,9,1433958,15,Rural,Primary,Highest,0,0
35,10,1651038,20,Urban,Primary,Second,1,1
100,5,691451,49,Urban,Primary,Highest,1,0
31,4,1442986,44,Rural,Secondary,Fourth,1,0
96,10,1470711,22,Urban,Higher,Highest,0,0
56,9,1027610,19,Rural,Primary,Highest,1,1
28,10,1230150,43,Rural,No education,Fourth,1,0
41,11,667755,49,Rural,Primary,Fourth,0,0
64,10,1690202,20,Rural,No education,Lowest,1,0
92,12,1773810,38,Urban,Secondary,Fourth,1,1
73,5,1770557,24,Urban,No education,Lowest,1,0
112,5,1392543,41,Urban,Higher,Fourth,1,0
105,4,315636,29,Rural,Secondary,Fourth,0,1
91,3,818005,19,Rural,Primary,Fourth,1,0
73,9,939653,26,Urban,Secondary,Fourth,1,0
35,9,1737755,33,Urban,No education,Second,0,0
50,10,1097831,42,Urban,Secondary,Second,1,0
15,3,1081061,15,Rural,No education,Middle,1,0
45,6,477452,48,Rural,Secondary,Middle,1,0
112,3,1480266,37,Rural,Secondary,Second,1,1
52,11,771243,45,Rural,No education,Middle,1,0
14,4,392401,47,Urban,Secondary,Middle,1,1
79,2,1780853,20,Rural,No education,Second,0,0
116,7,544609,18,Rural,No education,Fourth,1,0
105,11,275157,42,Urban,Secondary,Second,1,1
33,11,370648,21,Rural,Primary,Second,1,0
55,2,951387,20,Urban,Secondary,Middle,1,0
64,4,409501,31,Rural,Secondary,Lowest,0,1
30,2,1556114,46,Rural,Secondary,Fourth,1,1
33,4,1044294,42,Rural,Primary,Fourth,1,0
29,7,752046,33,Rural,No education,Highest,0,0
120,4,254882,21,Urban,Higher,Second,0,0
90,1,993687,26,Rural,No education,Middle,1,0
101,7,484521,39,Rural,Secondary,Middle,1,0
98,1,1765970,20,Rural,Primary,Fourth,0,0
116,3,701186,33,Rural,Primary,Fourth,0,0
13,1,986059,15,Urban,Secondary,Highest,1,1
106,2,278862,26,Rural,Secondary,Highest,1,0
8,6,452928,23,Rural,Secondary,Lowest,1,0
58,11,571603,38,Urban,Secondary,Second,0,0
72,10,330168,46,Rural,Primary,Fourth,1,0
43,2,1375290,20,Rural,Primary,Middle,1,0
18,1,1715395,42,Rural,No education,Middle,1,0
24,5,1777300,37,Rural,Secondary,Lowest,0,0
99,8,662004,48,Rural,Primary,Middle,1,0
39,9,1472556,46,Rural,Secondary,Fourth,1,0
38,10,1031299,18,Urban,No education,Lowest,0,0
111,5,321078,41,Rural,Secondary,Middle,1,0
18,3,390587,35,Rural,Secondary,Highest,1,1
110,1,1099069,18,Rural,Secondary,Middle,1,0
111,2,906665,24,Rural,No education,Highest,1,0
72,1,262991,47,Rural,Higher,Second,1,0
20,11,1691663,34,Rural,Primary,Lowest,1,0
19,4,1382022,26,Rural,Primary,Fourth,0,0
35,10,1028740,26,Rural,Primary,Second,1,0
70,7,1779840,44,Rural,Primary,Lowest,0,0
19,7,1755259,24,Urban,Secondary,Lowest,1,1
55,6,1759625,20,Rural,Primary,Highest,1,0
14,10,651195,35,Rural,Primary,Fourth,1,1
65,1,1615380,49,Rural,Secondary,Second,1,1
3,2,1032045,21,Rural,Secondary,Middle,0,0
86,6,1375356,23,Rural,Secondary,Second,1,0
7,5,1582272,31,Rural,Secondary,Lowest,1,0
24,7,503156,21,Urban,No education,Highest,0,1
21,9,944791,37,Rural,Secondary,Highest,1,1
100,8,449793,23,Rural,No education,Second,1,0
7,4,683205,19,Urban,Primary,Second,1,0
52,4,890950,24,Urban,No education,Highest,1,1
71,10,1575986,47,Rural,Secondary,Middle,1,0
62,3,1587132,47,Rural,Primary,Second,1,0
82,7,854328,32,Rural,Secondary,Second,1,0
97,7,760252,29,Urban,Primary,Middle,1,0
48,10,1072621,43,Rural,Primary,Middle,1,1
100,9,1663399,21,Rural,Primary,Lowest,1,1
39,6,1763616,37,Rural,No education,Middle,0,0
119,4,601484,38,Rural,Primary,Middle,1,0
61,5,539049,39,Urban,Secondary,Second,0,1
89,5,1345500,22,Rural,Secondary,Second,0,0
106,3,717170,40,Urban,No education,Middle,1,0
96,8,559631,36,Rural,Secondary,Second,1,0
103,3,298157,45,Urban,Primary,Highest,1,1
65,8,874978,21,Rural,No education,Middle,1,1
6,10,857348,36,Urban,No education,Middle,1,0
60,12,1122740,44,Rural,Primary,Second,1,0
22,2,560284,24,Rural,Primary,Highest,1,1
107,10,1357267,41,Rural,Secondary,Lowest,0,0
29,2,1304054,18,Urban,Primary,Middle,1,1
28,5,966640,40,Urban,Secondary,Lowest,1,0
30,3,531048,36,Rural,Primary,Fourth,1,0
78,2,1035781,21,Rural,Secondary,Second,1,0
69,3,1295959,17,Rural,Secondary,Second,1,0
114,1,827709,41,Rural,Primary,Lowest,0,0
50,10,658386,23,Rural,No education,Fourth,1,0
34,1,1035084,32,Rural,Secondary,Second,1,1
6,5,800587,17,Urban,Higher,Second,0,1
1,9,870795,48,Rural,Higher,Highest,0,0
45,12,790734,34,Rural,Primary,Lowest,1,0
112,11,720370,47,Rural,Secondary,Middle,1,0
63,2,1360965,20,Rural,Primary,Lowest,1,0
108,12,963375,22,Rural,No education,Lowest,1,0
13,8,973089,36,Rural,Secondary,Lowest,1,1
12,3,1262282,36,Rural,Primary,Lowest,0,1
101,6,810013,42,Urban,Secondary,Highest,1,1
13,12,406602,47,Rural,Secondary,Middle,1,1
7,5,1571565,43,Rural,Primary,Highest,1,0
49,3,336342,19,Rural,Secondary,Second,1,0
111,11,1136523,25,Rural,Primary,Fourth,0,0
83,12,662023,46,Urban,No education,Lowest,1,0
12,12,581437,34,Urban,Primary,Lowest,1,0
101,12,315032,45,Urban,Higher,Lowest,0,1
102,11,1645141,34,Rural,Primary,Highest,1,1
97,6,915267,16,Urban,No education,Fourth,1,0
109,3,781107,31,Rural,Secondary,Fourth,1,0
29,8,1398904,43,Rural,Higher,Highest,0,1
118,3,310418,37,Rural,Higher,Second,0,0
39,6,1125053,19,Urban,Secondary,Fourth,1,0
97,8,1016630,22,Rural,Primary,Middle,1,1
70,12,1107828,44,Urban,Secondary,Middle,0,0
94,4,442103,49,Rural,Secondary,Fourth,1,0
76,4,1726435,41,Urban,Secondary,Middle,0,1
78,9,619622,18,Urban,Secondary,Lowest,0,1
74,1,1301598,36,Urban,Primary,Lowest,1,0
94,7,1408021,44,Rural,No education,Middle,1,0
89,9,783174,37,Urban,Secondary,Middle,0,0
17,7,452665,35,Rural,No education,Fourth,1,0
100,5,709838,31,Rural,No education,Middle,1,1
65,10,1500763,23,Rural,Primary,Lowest,1,1
39,5,1655067,24,Urban,Secondary,Second,0,0
62,9,1702206,41,Urban,Secondary,Middle,0,0
117,6,600782,17,Rural,Secondary,Highest,0,0
103,1,1190124,17,Urban,Secondary,Middle,1,1
101,7,484105,28,Rural,Secondary,Fourth,1,1
56,1,1351056,42,Urban,Secondary,Fourth,0,1
95,12,894594,37,Rural,No education,Second,1,0
47,8,1356059,35,Urban,Secondary,Highest,1,1
83,5,1311946,33,Rural,No education,Fourth,0,1
77,6,1788852,18,Urban,No education,Highest,0,0
30,8,1007397,26,Rural,No education,Fourth,0,0
32,4,779384,17,Urban,Secondary,Fourth,0,1
8,4,1066470,41,Rural,Secondary,Lowest,1,0
17,6,502427,41,Rural,Higher,Middle,0,1
53,4,423228,24,Urban,Higher,Lowest,1,0
58,10,1054709,25,Urban,Secondary,Fourth,1,0
20,2,1529379,26,Urban,No education,Fourth,1,0
51,10,1076537,46,Urban,Secondary,Middle,1,0
73,5,1461981,32,Urban,Secondary,Second,1,0
28,7,525764,41,Rural,Secondary,Lowest,1,0
41,2,946555,30,Rural,No education,Fourth,1,1
45,5,1200319,39,Urban,No education,Fourth,1,0
61,10,788897,33,Rural,Higher,Middle,0,0
44,4,271893,24,Urban,No education,Fourth,1,0
89,2,363843,45,Rural,Primary,Fourth,0,0
40,7,1687886,39,Urban,Primary,Middle,1,0
53,2,1187962,41,Rural,No education,Lowest,1,0
46,4,660090,48,Rural,No education,Highest,1,0
22,6,651169,23,Urban,Higher,Middle,1,1
83,7,311318,18,Urban,Secondary,Fourth,1,1
29,8,1714404,35,Rural,Higher,Highest,1,0
36,9,417786,26,Rural,Primary,Second,1,1
96,11,1427158,30,Rural,Primary,Fourth,1,0
114,1,622385,23,Rural,Primary,Lowest,1,1
81,5,770220,28,Rural,Primary,Highest,0,1
110,1,674554,28,Rural,No education,Lowest,1,0
103,1,1528007,27,Rural,Secondary,Middle,0,0
58,3,300855,40,Rural,Higher,Second,1,1
93,8,796048,35,Rural,Secondary,Lowest,1,0
40,11,682999,31,Urban,Primary,Middle,1,1
56,10,673081,18,Rural,Primary,Highest,1,0
65,8,549059,34,Urban,No education,Lowest,1,0
116,10,1664292,21,Urban,Primary,Second,1,0
102,3,836862,25,Rural,Primary,Lowest,1,0
59,11,898218,29,Urban,Primary,Lowest,1,1
79,11,847009,19,Urban,Secondary,Second,1,0
25,2,1769336,28,Urban,Secondary,Middle,1,0
97,6,775461,24,Rural,Primary,Fourth,1,0
67,10,779614,44,Rural,No education,Fourth,0,0
64,6,758282,45,Urban,No education,Fourth,1,1
92,11,756798,15,Urban,No education,Fourth,1,0
76,12,389083,36,Rural,Secondary,Second,0,0
9,6,1186627,37,Rural,Secondary,Highest,1,1
35,1,289067,28,Urban,Secondary,Lowest,0,1
22,5,600225,31,Rural,Secondary,Fourth,1,0
89,3,563277,42,Rural,Primary,Lowest,0,0
5,6,701807,28,Urban,No education,Fourth,1,1
25,8,1422806,17,Rural,Primary,Lowest,1,0
72,6,1179220,28,Rural,Primary,Second,1,0
84,3,1785755,23,Rural,Secondary,Second,1,0
61,4,794358,28,Rural,Primary,Fourth,1,0
104,9,1689215,23,Rural,Primary,Lowest,1,1
111,1,319615,20,Rural,Primary,Second,1,0
16,3,1031540,49,Rural,No education,Second,0,1
115,11,1488215,19,Rural,Higher,Fourth,0,0
74,2,1074326,39,Rural,No education,Highest,1,0
77,5,1696630,40,Rural,No education,Fourth,1,0
12,3,737601,36,Rural,Primary,Middle,1,0
75,2,301665,46,Urban,Secondary,Second,1,1
88,6,1449606,15,Urban,Secondary,Highest,0,1
70,7,355406,25,Rural,Secondary,Lowest,1,1
11,3,1435372,21,Rural,Primary,Lowest,1,0
63,1,1386796,35,Urban,No education,Second,1,0
113,2,1558622,37,Rural,Secondary,Second,1,0
87,8,992335,46,Urban,Primary,Middle,1,1
17,11,1638032,28,Urban,No education,Highest,0,0
116,3,513239,23,Rural,Secondary,Fourth,1,0
116,4,923241,47,Urban,No education,Second,1,0
21,5,438843,38,Rural,No education,Second,1,0
97,5,1438657,41,Urban,Secondary,Fourth,1,0
49,3,1357122,30,Rural,Primary,Second,1,0
72,1,1499918,30,Urban,Primary,Highest,1,1
54,7,1434731,28,Rural,Primary,Middle,1,0
94,5,728112,41,Rural,Secondary,Middle,1,0
120,5,355503,22,Urban,No education,Highest,1,0
96,4,1690325,49,Urban,No education,Second,1,0
112,12,1013868,21,Urban,Secondary,Middle,1,0
114,8,396229,31,Rural,Secondary,Middle,1,0
11,6,1686949,26,Rural,Higher,Second,1,1
31,3,1791117,37,Rural,Primary,Lowest,1,0
87,10,940521,38,Rural,No education,Second,1,0
71,11,1443640,47,Rural,Secondary,Lowest,1,0
7,1,306261,42,Rural,Secondary,Fourth,0,0
12,12,394569,23,Rural,No education,Lowest,1,1
63,9,678677,22,Rural,Secondary,Second,0,1
74,2,1267155,46,Rural,Primary,Highest,1,1
21,10,456805,32,Rural,Secondary,Middle,0,1
21,2,302978,18,Urban,Secondary,Fourth,0,1
16,1,1286594,43,Urban,Primary,Fourth,1,0
68,2,1443789,37,Urban,Higher,Second,1,1
1,6,1395779,15,Rural,Higher,Fourth,0,0
69,8,1488795,42,Urban,No education,Second,1,1
58,5,1494419,36,Rural,Primary,Fourth,1,1
56,2,1183735,36,Rural,Secondary,Fourth,1,1
82,3,1055090,45,Rural,No education,Highest,1,0
63,11,1578133,32,Rural,Primary,Highest,1,0
88,12,789441,31,Urban,Primary,Lowest,1,1
92,10,401719,36,Rural,Higher,Second,1,0
111,2,1415542,21,Urban,Primary,Middle,1,0
96,10,677681,20,Rural,Secondary,Second,1,0
63,9,1767223,44,Rural,Primary,Fourth,1,0
60,7,891975,22,Rural,No education,Highest,1,0
29,2,1570279,32,Rural,Secondary,Second,1,1
72,12,315809,24,Rural,No education,Highest,1,1
17,6,1271807,23,Rural,No education,Highest,1,0
112,1,944734,35,Rural,Primary,Highest,1,0
102,3,967033,43,Rural,Secondary,Lowest,1,1
15,5,661080,30,Urban,Primary,Second,1,0
95,1,1755350,19,Urban,No education,Lowest,1,0
15,4,858739,23,Rural,Primary,Lowest,1,0
87,6,1568243,20,Urban,Primary,Lowest,1,0
11,12,908909,45,Rural,No education,Middle,1,0
59,2,324827,26,Rural,Secondary,Lowest,0,1
79,7,1613088,28,Rural,No education,Second,1,0
88,11,536919,17,Urban,Primary,Highest,0,0
51,10,669028,30,Rural,Secondary,Highest,1,0
111,12,1584715,46,Urban,Secondary,Highest,0,1
93,3,1635301,29,Rural,Primary,Lowest,1,0
25,10,1670969,37,Rural,Primary,Fourth,1,0
81,12,910254,21,Urban,Primary,Fourth,0,0
88,4,1423307,20,Urban,Higher,Lowest,1,0
41,6,758101,40,Urban,Primary,Highest,1,1
89,7,1397605,17,Rural,Primary,Middle,0,0
108,6,1028893,30,Rural,Primary,Highest,1,0
99,4,330536,26,Urban,Primary,Lowest,0,0
92,12,897502,15,Urban,No education,Fourth,0,1
77,12,974975,33,Rural,No education,Lowest,0,0
33,5,648927,48,Urban,Secondary,Highest,1,1
96,10,830427,17,Rural,Secondary,Fourth,1,1
44,5,1029152,43,Rural,Secondary,Lowest,1,0
64,10,327038,33,Rural,Secondary,Second,1,0
38,8,485292,40,Rural,Primary,Second,1,1
38,6,1438513,18,Rural,Higher,Lowest,1,0
19,2,795491,45,Rural,Secondary,Lowest,1,0
116,8,1192996,15,Urban,Secondary,Highest,1,1
18,4,1126974,46,Urban,Secondary,Highest,0,0
11,3,1104388,38,Rural,Primary,Middle,0,1
113,3,890782,26,Urban,Primary,Highest,1,0
67,12,999138,15,Rural,Primary,Fourth,1,0
53,2,1527064,36,Rural,No education,Lowest,0,0
89,10,1745827,18,Rural,Primary,Fourth,1,0
46,11,647918,36,Urban,No education,Lowest,1,1
16,1,1287684,42,Rural,No education,Highest,1,0
88,8,1753145,24,Rural,Higher,Second,0,0
22,7,261755,23,Urban,Secondary,Lowest,0,0
67,5,1466319,22,Rural,Secondary,Second,1,1
114,9,1020072,22,Rural,Primary,Fourth,1,1
113,5,1749769,18,Rural,Secondary,Highest,1,1
44,6,1146314,23,Rural,Secondary,Middle,0,0
94,6,1549111,38,Urban,Secondary,Lowest,1,1
74,10,507322,25,Rural,Secondary,Highest,0,0
58,8,470261,42,Rural,Primary,Fourth,1,0
17,5,1686198,43,Urban,Primary,Middle,1,0
46,12,1066013,41,Rural,Secondary,Middle,1,0
79,10,1115430,33,Urban,Higher,Highest,1,1
119,12,513466,26,Urban,Primary,Second,1,1
1,9,601431,47,Rural,Primary,Lowest,0,0
87,5,1518252,22,Urban,Primary,Lowest,1,1
102,10,720160,31,Rural,Primary,Fourth,0,1
115,4,1155451,30,Urban,Higher,Highest,1,1
51,4,740627,41,Rural,Secondary,Fourth,1,0
15,6,658346,34,Urban,Primary,Fourth,1,1
33,12,507331,42,Rural,Primary,Second,0,0
103,7,1690878,47,Urban,Primary,Middle,1,0
106,5,1707096,28,Rural,No education,Lowest,1,0
77,6,428538,45,Urban,Secondary,Second,1,1
15,4,797538,20,Urban,Secondary,Fourth,1,0
15,8,1123986,47,Rural,Secondary,Highest,0,1
58,5,844093,21,Rural,Primary,Highest,1,1
71,7,1367612,44,Rural,Secondary,Highest,0,0
4,5,653356,28,Urban,Secondary,Lowest,0,1
83,4,341215,48,Urban,Primary,Highest,1,1
66,12,772249,19,Rural,Secondary,Second,1,0
2,5,1176676,31,Rural,Secondary,Fourth,0,1
12,1,529990,46,Urban,Secondary,Highest,1,1
55,5,1514646,16,Rural,No education,Highest,1,0
87,7,268985,24,Rural,Primary,Fourth,1,0
100,2,354667,17,Rural,Primary,Second,1,0
52,4,1038696,26,Urban,No education,Middle,1,1
36,2,1043976,28,Rural,Primary,Fourth,0,0
117,7,707070,36,Urban,Secondary,Middle,1,1
56,9,650763,24,Rural,No education,Middle,1,0
38,12,358208,20,Urban,Primary,Middle,1,1
54,5,1277532,20,Rural,Higher,Middle,0,1
2,11,837490,47,Rural,Primary,Lowest,0,0
37,3,433949,48,Rural,Primary,Highest,1,0
62,10,869750,22,Urban,Secondary,Lowest,1,0
111,7,1702429,21,Urban,Primary,Highest,1,1
89,10,654917,16,Rural,No education,Lowest,1,0
94,10,1636829,48,Rural,Secondary,Middle,1,0
66,7,651052,39,Rural,Primary,Middle,1,1
14,4,538260,41,Urban,Primary,Middle,1,0
47,7,653995,25,Rural,No education,Middle,1,0
120,10,751062,37,Urban,Secondary,Highest,1,0
6,12,436944,17,Urban,No education,Lowest,1,1
106,12,1160834,38,Urban,Secondary,Highest,1,1
83,3,766845,35,Rural,Primary,Fourth,1,0
35,8,1362996,26,Urban,Secondary,Fourth,1,1
94,2,1011033,39,Urban,Primary,Lowest,1,0
101,9,936116,37,Rural,No education,Lowest,1,0
6,12,980041,30,Rural,Secondary,Second,1,0
13,1,492251,21,Urban,Secondary,Second,0,1
80,8,1354964,15,Urban,Primary,Fourth,1,0
120,12,411434,47,Rural,Primary,Highest,1,0
3,11,1368369,24,Urban,Primary,Middle,1,0
80,5,1799636,25,Urban,Primary,Fourth,1,0
17,2,1434197,38,Rural,Secondary,Lowest,0,0
79,12,955795,23,Urban,No education,Fourth,1,0
75,12,737437,28,Rural,Primary,Lowest,1,1
11,7,1602424,39,Urban,No education,Fourth,1,1
82,12,648646,35,Urban,Primary,Second,1,1
108,1,997682,37,Urban,Primary,Middle,1,1
104,8,1444853,15,Urban,Primary,Second,1,1
4,1,1679654,30,Urban,Primary,Middle,1,1
30,12,1677481,31,Urban,Higher,Highest,1,1
29,9,386027,37,Rural,Primary,Highest,1,0
55,11,1642308,20,Rural,Secondary,Second,0,0
18,7,426729,20,Urban,Primary,Second,1,1
103,1,1155938,41,Rural,Primary,Middle,1,0
94,1,1690929,38,Rural,No education,Fourth,1,0
98,5,1264949,43,Rural,Primary,Lowest,0,0
24,9,1718614,24,Urban,Secondary,Fourth,0,0
2,2,783717,49,Urban,Secondary,Highest,1,1
110,11,737812,24,Urban,Secondary,Highest,1,1
35,3,755634,37,Urban,Secondary,Middle,0,1
79,6,800505,20,Urban,No education,Second,0,0
110,3,1308349,47,Rural,No education,Second,0,0
5,6,951297,26,Rural,Secondary,Fourth,1,1
1,6,1393015,43,Urban,No education,Middle,1,1
1,1,895050,26,Rural,No education,Lowest,1,0
19,7,726974,42,Rural,Higher,Fourth,0,0
7,10,544570,30,Rural,Higher,Lowest,1,1
99,12,1104139,17,Rural,Secondary,Highest,1,0
73,4,1642481,21,Urban,Primary,Middle,0,0
118,11,1581397,38,Rural,Secondary,Second,1,0
97,11,642626,21,Rural,Primary,Lowest,1,0
116,12,990333,24,Rural,Primary,Lowest,1,0
29,5,1343172,33,Rural,Primary,Highest,1,0
35,11,1199257,23,Rural,Higher,Middle,1,1
102,7,354091,19,Urban,Higher,Highest,1,1
30,1,1166140,36,Urban,Secondary,Highest,1,0
7,4,310064,39,Rural,No education,Lowest,1,0
81,9,430573,40,Urban,Primary,Second,0,1
97,2,1263282,48,Rural,Primary,Highest,1,1
117,6,408948,19,Rural,Secondary,Middle,1,0
112,10,775474,29,Rural,No education,Middle,1,0
15,2,1162060,23,Urban,No education,Middle,1,0
93,6,1265962,46,Rural,Secondary,Fourth,1,1
102,3,940882,33,Urban,Primary,Highest,1,1
84,7,395732,18,Urban,Secondary,Highest,0,0
99,3,1488612,39,Urban,No education,Fourth,1,0
101,12,1722269,16,Rural,Secondary,Middle,1,0
54,1,1627515,24,Rural,No education,Second,1,1
5,12,1410197,40,Urban,No education,Lowest,1,1
55,10,873439,32,Rural,Primary,Fourth,1,0
25,11,1608214,41,Urban,Primary,Lowest,1,0
14,11,1006671,34,Rural,Secondary,Fourth,1,0
15,3,461529,44,Urban,No education,Middle,0,0
84,12,1568348,34,Rural,No education,Fourth,1,0
61,8,746249,16,Rural,Secondary,Highest,0,0
65,12,1704987,17,Rural,Primary,Middle,0,1
90,11,820933,42,Urban,Secondary,Middle,1,0
66,7,1597561,16,Rural,Secondary,Middle,1,1
76,5,1082617,28,Rural,No education,Second,1,0
11,2,974461,15,Rural,Secondary,Lowest,1,0
103,2,710146,25,Rural,Primary,Lowest,1,0
54,5,1545339,35,Rural,Primary,Fourth,1,0
19,10,343977,21,Urban,No education,Highest,1,0
98,7,976753,31,Rural,Secondary,Lowest,1,1
89,6,821761,49,Urban,Secondary,Second,1,1
7,3,1092256,17,Rural,Primary,Fourth,1,1
24,7,644551,17,Urban,Higher,Fourth,1,1
2,8,1280117,24,Urban,Primary,Fourth,0,0
33,12,848178,43,Rural,Secondary,Fourth,1,0
12,9,541603,29,Rural,Secondary,Lowest,1,1
86,8,555287,37,Rural,Higher,Second,0,1
63,11,1329583,16,Rural,Higher,Middle,0,0
118,6,655939,40,Urban,Higher,Lowest,1,0
90,12,726242,17,Urban,No education,Second,1,0
74,5,1221776,39,Urban,Secondary,Second,1,1
62,2,761165,20,Rural,Secondary,Highest,1,0
7,6,851638,45,Rural,Secondary,Second,1,0
9,2,628941,25,Rural,Primary,Highest,1,1
74,2,785344,21,Rural,Higher,Fourth,1,1
1,11,1323808,26,Urban,Primary,Fourth,1,0
6,10,1077553,15,Rural,Primary,Highest,1,0
27,3,1796177,20,Rural,Secondary,Highest,1,1
107,11,1446383,35,Rural,No education,Second,0,0
56,1,276089,25,Urban,Secondary,Middle,0,0
86,4,837245,27,Rural,No education,Middle,1,0
50,9,699268,43,Rural,Secondary,Highest,0,0
21,4,1160655,19,Urban,Secondary,Lowest,1,0
45,9,661768,28,Rural,Primary,Middle,1,0
12,11,1747614,21,Urban,Secondary,Second,0,1
93,1,714032,31,Rural,No education,Second,1,0
23,1,1059069,26,Rural,Secondary,Fourth,1,1
46,12,440512,16,Rural,Higher,Second,1,0
118,7,1660186,17,Urban,No education,Fourth,1,1
72,7,1663367,44,Urban,Secondary,Highest,1,1
56,6,1480192,16,Urban,Primary,Fourth,1,0
66,6,795024,42,Rural,Secondary,Lowest,1,1
95,9,341013,47,Urban,Secondary,Lowest,1,1
31,7,1351997,31,Rural,Primary,Middle,1,0
77,2,915103,25,Urban,Secondary,Middle,1,1
105,8,1785081,42,Urban,Primary,Fourth,1,1
69,9,1332393,49,Rural,Primary,Middle,1,0
54,2,1084882,19,Rural,Secondary,Lowest,1,0
18,5,1779403,48,Rural,No education,Highest,1,0
30,10,1490729,48,Rural,Secondary,Highest,1,0
114,8,960483,19,Rural,Primary,Fourth,1,0
65,2,279224,16,Rural,Secondary,Fourth,1,1
37,1,393817,40,Rural,Secondary,Highest,1,0
51,7,937762,17,Urban,Primary,Middle,0,0
70,6,1121114,36,Rural,Primary,Lowest,0,0
65,12,296735,17,Rural,Primary,Fourth,1,1
84,7,446173,39,Urban,Higher,Middle,1,1
31,12,1341657,23,Rural,Primary,Fourth,1,0
78,3,1414855,18,Rural,Primary,Fourth,1,0
54,6,296207,17,Rural,Secondary,Middle,1,0
113,2,1036899,21,Urban,Primary,Second,1,0
19,7,375510,33,Rural,Primary,Middle,1,0
18,3,1371318,17,Rural,Primary,Fourth,1,0
56,6,1542813,43,Urban,No education,Fourth,1,0
62,5,1597510,36,Urban,Secondary,Middle,0,1
83,3,1177171,25,Urban,Secondary,Middle,0,1
49,2,1224869,49,Urban,Higher,Highest,0,1
110,7,1686216,38,Rural,Secondary,Second,1,0
57,12,1199280,38,Rural,Primary,Lowest,1,1
16,3,941725,21,Urban,Primary,Fourth,1,0
15,5,1419583,39,Urban,Secondary,Highest,0,1
117,3,1165800,34,Rural,Higher,Fourth,1,0
17,10,1555805,49,Urban,Secondary,Middle,1,0
114,5,1063285,31,Rural,Primary,Second,1,1
34,12,1597033,38,Urban,Secondary,Middle,1,1
12,3,319539,26,Urban,Secondary,Lowest,0,0
37,1,306466,16,Rural,Higher,Middle,1,0
74,7,403509,19,Urban,Secondary,Second,1,1
52,8,1112094,45,Rural,Primary,Second,1,0
95,12,1348912,40,Urban,Primary,Middle,1,1
74,11,585217,27,Rural,Primary,Highest,1,0
49,11,491408,39,Rural,Primary,Second,1,0
77,8,1583536,15,Rural,Higher,Highest,1,1
117,5,1413335,16,Urban,Primary,Middle,0,0
50,6,1255016,32,Rural,Primary,Highest,1,0
19,2,1006969,36,Rural,Primary,Second,1,0
50,6,901344,47,Urban,Secondary,Highest,1,1
101,5,281818,41,Urban,Secondary,Fourth,1,1
27,1,541561,24,Rural,No education,Fourth,1,0
114,3,1640338,43,Urban,Secondary,Middle,0,0
71,7,775486,32,Rural,Primary,Middle,1,0
73,5,1342040,43,Rural,Primary,Middle,1,0
39,12,1340855,21,Urban,Primary,Highest,1,0
111,6,729604,15,Rural,Secondary,Fourth,1,1
5,12,566757,17,Rural,Secondary,Lowest,1,1
36,8,1322083,49,Urban,Secondary,Fourth,0,0
51,1,395053,17,Rural,No education,Highest,1,0
58,3,1016975,47,Urban,Higher,Fourth,1,0
57,9,1626444,40,Urban,Secondary,Middle,1,0
18,7,1352560,20,Rural,Primary,Second,1,1
28,4,1434526,45,Urban,Primary,Fourth,0,0
12,7,379064,20,Rural,Primary,Fourth,1,0
69,11,559682,20,Urban,Secondary,Second,1,0
43,5,676402,35,Rural,Primary,Middle,0,0
68,1,703082,25,Urban,Primary,Second,1,1
71,4,550826,25,Rural,Secondary,Lowest,1,0
85,12,1756708,21,Rural,Secondary,Lowest,1,1
66,10,505679,36,Rural,Secondary,Lowest,0,1
78,11,1347685,15,Rural,Secondary,Middle,0,1
71,11,1159464,23,Rural,No education,Middle,0,1
79,2,1196309,34,Rural,Secondary,Middle,0,0
74,4,582712,32,Rural,Primary,Highest,1,0
38,1,726824,39,Rural,No education,Second,1,1
30,1,1190072,22,Rural,Higher,Second,1,0
95,11,713643,37,Rural,Primary,Second,1,0
42,12,1325877,41,Urban,No education,Second,1,0
66,2,311261,28,Rural,Secondary,Middle,1,0
24,9,362871,23,Rural,Primary,Second,0,1
52,7,1379146,34,Urban,No education,Second,0,0
64,1,1205976,35,Urban,Secondary,Fourth,0,1
76,11,316921,18,Rural,Secondary,Highest,1,1
64,11,1643510,34,Rural,Secondary,Second,1,0
44,7,257528,20,Urban,No education,Lowest,1,1
116,9,1731106,34,Urban,Secondary,Second,1,1
62,5,1380717,47,Rural,Secondary,Middle,1,0
97,10,1781616,33,Rural,No education,Highest,1,0
89,6,1720754,41,Rural,Primary,Lowest,1,0
67,12,735344,25,Rural,No education,Lowest,1,0
107,1,1422579,47,Rural,Secondary,Middle,1,0
16,3,576914,43,Rural,Primary,Highest,1,0
111,12,981042,47,Urban,Secondary,Middle,1,0
103,4,622167,40,Rural,Higher,Highest,0,1
61,4,1003370,37,Urban,Primary,Fourth,1,0
89,10,1602129,33,Urban,Secondary,Lowest,1,1
63,3,926011,47,Rural,Primary,Middle,1,1
33,7,393210,44,Rural,No education,Fourth,1,0
96,4,753197,29,Urban,Secondary,Middle,1,0
30,3,1469110,17,Rural,Primary,Lowest,1,0
38,12,1058657,15,Rural,Higher,Lowest,1,0
63,3,1118289,23,Urban,Secondary,Fourth,1,0
101,2,918283,17,Urban,No education,Middle,1,1
47,9,703807,22,Urban,Primary,Middle,0,0
60,11,1177160,18,Rural,Primary,Second,1,0
5,2,1231287,49,Rural,Secondary,Second,1,1
14,9,1642086,18,Rural,Secondary,Fourth,1,0
7,7,1207561,36,Urban,Primary,Lowest,1,0
9,10,1792264,27,Rural,Secondary,Middle,1,1
105,2,1531194,21,Rural,Secondary,Second,1,1
102,12,372052,39,Rural,Secondary,Fourth,1,0
99,8,857866,48,Urban,No education,Fourth,1,0
7,11,846259,42,Rural,No education,Middle,1,0
10,5,254682,49,Rural,No education,Second,1,0
34,12,530094,35,Urban,Primary,Second,1,1
68,8,1431391,38,Urban,Primary,Second,1,1
41,2,795786,20,Urban,No education,Second,1,0
59,12,479211,44,Urban,Primary,Fourth,0,0
21,10,695583,41,Rural,Primary,Lowest,1,1
88,4,675789,23,Urban,No education,Lowest,1,0
38,7,520532,27,Urban,Higher,Middle,1,1
8,5,406847,36,Rural,Secondary,Second,0,0
90,7,1434317,15,Urban,Primary,Highest,1,0
109,12,1528010,43,Urban,Primary,Fourth,1,1
2,11,1019247,24,Rural,Primary,Fourth,1,0
53,3,1203969,17,Urban,Secondary,Middle,1,0
100,12,1674830,26,Urban,Secondary,Middle,0,1
85,6,1556128,44,Urban,Primary,Middle,1,0
103,9,300518,24,Urban,Higher,Lowest,1,0
50,10,1727080,33,Rural,Secondary,Middle,0,0
45,6,353815,43,Urban,Secondary,Highest,1,1
86,6,291186,16,Urban,Primary,Second,0,1
19,6,875074,41,Rural,No education,Lowest,1,1
29,11,1406072,25,Rural,Secondary,Middle,1,1
73,5,374429,39,Urban,Primary,Second,1,1
81,4,704133,21,Urban,Secondary,Fourth,1,1
15,5,657230,19,Rural,Secondary,Highest,0,0
61,3,865941,42,Rural,Primary,Highest,1,0
44,5,1778346,43,Rural,Primary,Second,1,1
61,2,763692,49,Urban,Primary,Highest,1,0
116,2,573887,38,Urban,Primary,Lowest,1,1
10,9,439587,31,Rural,Secondary,Second,1,1
120,1,557082,21,Rural,Secondary,Second,1,1
54,7,456364,25,Rural,Primary,Highest,1,1
93,10,1139143,37,Urban,Secondary,Fourth,0,0
51,9,901784,27,Rural,Primary,Second,1,0
38,6,1021897,31,Urban,Secondary,Lowest,1,1
93,3,1539827,20,Rural,Primary,Fourth,1,0
83,12,1149679,30,Rural,Secondary,Fourth,1,0
18,11,490512,23,Rural,Secondary,Highest,1,1
85,8,833939,18,Urban,Primary,Middle,1,1
91,2,734498,19,Rural,Secondary,Lowest,1,0
47,1,1531481,33,Rural,Secondary,Second,1,0
112,4,725886,27,Rural,Primary,Fourth,1,0
77,2,464799,18,Urban,Secondary,Second,0,1
41,11,1390808,33,Rural,Higher,Lowest,0,0
2,3,914008,20,Urban,Secondary,Highest,1,1
81,4,398587,15,Urban,Primary,Middle,0,0
26,12,1319130,19,Urban,Secondary,Second,1,1
91,10,576292,30,Urban,Higher,Middle,0,0
64,3,1595766,48,Urban,Secondary,Fourth,0,0
57,5,1540313,23,Rural,No education,Lowest,1,0
20,7,822835,24,Urban,No education,Middle,1,0
86,8,1111172,23,Urban,Secondary,Second,1,0
20,12,1130005,27,Urban,Primary,Lowest,1,0
51,11,1262811,40,Urban,Primary,Lowest,1,0
101,12,357166,26,Rural,Primary,Middle,0,0
111,1,753514,38,Rural,Secondary,Middle,1,0
119,3,513994,46,Urban,Primary,Middle,0,0
115,7,1331119,48,Rural,Secondary,Fourth,1,0
67,1,357164,34,Rural,Secondary,Middle,1,0
25,5,1051287,39,Rural,Higher,Middle,1,1
101,2,1378215,47,Urban,Secondary,Highest,1,0
97,12,1719985,42,Urban,Primary,Fourth,1,0
119,1,696492,25,Rural,Secondary,Highest,1,1
79,2,262358,19,Rural,No education,Second,1,0
17,3,1371805,19,Rural,Higher,Fourth,1,1
61,2,252397,45,Rural,Primary,Fourth,1,0
54,7,352917,34,Urban,Secondary,Middle,1,0
102,5,1785265,25,Rural,Secondary,Lowest,1,0
48,11,1586949,27,Rural,No education,Middle,1,0
40,4,1346686,24,Rural,Secondary,Highest,1,1
10,7,1545071,43,Rural,No education,Fourth,0,0
101,8,366794,36,Rural,Primary,Lowest,1,0
91,8,387839,45,Rural,Primary,Second,1,0
5,10,716284,25,Rural,Primary,Middle,1,0
53,3,286822,31,Rural,Secondary,Highest,1,1
58,7,1626884,19,Rural,Higher,Middle,0,1
57,10,337247,48,Rural,Primary,Highest,1,0
111,11,1093262,32,Urban,Secondary,Fourth,1,0
19,8,1573126,34,Urban,Secondary,Second,1,0
37,8,1389228,29,Urban,Secondary,Lowest,0,1
22,11,613790,24,Urban,No education,Highest,1,0
30,8,979016,48,Urban,Higher,Middle,1,1
109,12,1099823,32,Rural,No education,Highest,1,0
113,2,1440280,38,Urban,Secondary,Highest,1,1
6,5,910678,16,Urban,Secondary,Middle,1,1
76,2,691806,24,Rural,Secondary,Lowest,1,0
28,2,1483064,43,Urban,No education,Highest,1,1
24,6,1624042,18,Rural,No education,Middle,0,0
36,3,1007792,18,Rural,Secondary,Lowest,0,0
24,5,293432,43,Rural,No education,Middle,0,1
59,6,1026024,25,Urban,Primary,Lowest,1,0
120,8,1628401,24,Urban,Secondary,Second,1,1
71,12,1783092,34,Rural,Secondary,Second,1,0
87,11,871604,21,Rural,Primary,Middle,1,0
60,5,482700,16,Urban,Primary,Middle,0,0
2,4,1136852,15,Rural,Higher,Highest,1,0
11,10,1537591,17,Rural,Primary,Second,1,1
33,2,1714757,20,Urban,No education,Fourth,1,1
30,7,330212,39,Rural,Primary,Highest,1,1
101,6,700351,25,Urban,Primary,Fourth,0,0
102,3,990355,17,Urban,Higher,Second,1,0
103,8,402294,15,Rural,Primary,Fourth,1,0
77,4,1623818,31,Urban,No education,Second,1,1
67,3,423863,44,Rural,Primary,Middle,1,0
78,8,1281081,26,Rural,No education,Fourth,1,1
49,3,1673875,17,Urban,Primary,Second,0,0
81,9,1312082,22,Rural,Higher,Lowest,1,0
96,2,1432970,32,Urban,Secondary,Highest,1,0
92,6,658141,21,Urban,No education,Fourth,1,0
74,10,1532578,49,Rural,Primary,Lowest,0,0
7,3,898790,41,Rural,No education,Second,1,1
87,10,345048,27,Rural,No education,Second,1,0
44,9,818200,48,Urban,Secondary,Highest,1,0
90,11,792252,26,Urban,Primary,Highest,1,1
65,3,1058236,19,Rural,Secondary,Fourth,1,1
106,9,660482,47,Urban,Secondary,Middle,1,1
41,12,966453,48,Urban,Primary,Lowest,1,0
112,10,913352,25,Rural,Higher,Second,0,1
102,3,756692,35,Urban,Primary,Lowest,1,0
40,10,1329154,21,Urban,Primary,Fourth,1,1
58,2,723494,37,Urban,Secondary,Lowest,1,1
64,8,1436960,39,Rural,No education,Fourth,1,1
93,6,638821,39,Rural,Secondary,Highest,1,0
83,7,1590557,34,Rural,Secondary,Second,1,0
103,7,815823,39,Urban,Primary,Fourth,1,0
45,1,313079,34,Urban,Secondary,Highest,1,1
61,7,482409,43,Rural,Primary,Middle,1,0
52,12,1499698,21,Urban,Secondary,Middle,1,0
110,6,1601761,31,Rural,No education,Second,1,0
37,4,578568,29,Rural,No education,Middle,1,0
71,12,1183285,33,Rural,Primary,Highest,0,1
15,2,1140237,19,Rural,Secondary,Fourth,1,0
103,6,457368,26,Rural,No education,Second,1,0
47,7,950592,48,Urban,Secondary,Middle,1,1
41,6,1325481,18,Rural,Primary,Fourth,1,0
70,12,1749045,37,Rural,Primary,Lowest,1,0
60,6,1563883,38,Rural,Primary,Fourth,0,0
102,12,401642,31,Rural,No education,Second,1,0
64,1,618180,16,Rural,Higher,Second,1,0
63,9,926902,16,Rural,Primary,Middle,0,0
13,8,483430,24,Urban,Secondary,Middle,1,1
3,3,1134566,18,Rural,Secondary,Highest,1,1
48,3,263356,18,Rural,Primary,Second,1,0
120,9,425958,20,Urban,Secondary,Second,1,0
111,8,323238,21,Rural,Secondary,Second,1,0
76,8,708006,44,Rural,Secondary,Highest,0,1
76,1,1431489,37,Rural,Secondary,Highest,1,0
47,8,524772,16,Urban,Secondary,Middle,1,1
22,12,1780138,36,Rural,Secondary,Fourth,1,0
2,1,667790,19,Urban,Primary,Highest,1,1
41,6,319564,29,Urban,Secondary,Highest,0,0
38,6,770014,16,Rural,Primary,Fourth,1,0
23,11,1409509,18,Urban,Secondary,Middle,0,0
32,4,415310,19,Urban,Higher,Highest,1,1
3,6,361386,30,Rural,Higher,Second,1,1
73,9,1566482,31,Urban,Secondary,Second,1,0
112,1,1167805,27,Rural,Secondary,Fourth,1,1
83,10,782030,36,Rural,Secondary,Lowest,1,0
54,10,1421916,40,Rural,No education,Middle,0,0
51,9,1558704,40,Rural,Primary,Highest,1,0
37,8,806766,35,Rural,Primary,Lowest,0,1
18,9,1119831,34,Urban,No education,Highest,1,1
72,10,266948,32,Rural,Higher,Middle,1,0
68,11,724505,23,Urban,Secondary,Highest,1,0
1,6,1172543,32,Rural,Primary,Fourth,0,0
50,6,555506,15,Rural,Primary,Lowest,1,0
34,8,1786429,48,Urban,Secondary,Fourth,1,0
21,3,1755271,27,Urban,Primary,Lowest,1,1
85,11,649307,41,Rural,Secondary,Second,0,0
64,10,864362,48,Urban,Higher,Highest,0,0
77,8,543711,32,Urban,Primary,Highest,1,1
86,4,1031122,45,Urban,Primary,Lowest,0,0
118,5,442085,31,Rural,Primary,Second,1,0
97,6,855969,19,Rural,No education,Lowest,1,0
75,8,1110646,15,Rural,Primary,Second,0,0
106,10,1198359,19,Rural,No education,Highest,1,1
58,9,1174489,47,Urban,No education,Lowest,1,0
119,12,593200,31,Urban,Primary,Fourth,1,1
92,12,1478019,26,Rural,No education,Highest,1,0
79,9,1322210,30,Rural,Secondary,Highest,0,1
109,5,1417263,23,Rural,No education,Second,1,0
62,8,975173,45,Rural,Secondary,Fourth,1,1
87,6,1633439,49,Rural,Primary,Middle,1,0
35,8,854279,17,Rural,No education,Lowest,1,0
116,10,1498947,40,Rural,No education,Second,1,0
75,5,565470,26,Rural,Secondary,Fourth,0,0
94,7,633263,16,Rural,Primary,Fourth,1,0
56,1,1066454,47,Rural,Primary,Middle,1,0
105,9,1111609,17,Rural,No education,Fourth,1,0
9,6,1406634,22,Rural,Higher,Fourth,0,1
14,6,710988,15,Urban,No education,Second,1,0
61,7,1602608,31,Urban,Primary,Second,1,0
88,3,761167,35,Rural,Secondary,Highest,1,0
98,8,1077984,26,Rural,Primary,Highest,1,0
53,9,1694513,17,Rural,Primary,Lowest,0,0
78,5,1086072,19,Rural,Secondary,Fourth,1,1
67,2,1306938,47,Urban,Primary,Lowest,1,0
116,5,1658368,43,Rural,No education,Highest,0,0
79,3,1760615,47,Rural,Primary,Middle,1,0
51,5,1024081,33,Rural,No education,Fourth,1,1
117,8,896214,34,Rural,Higher,Fourth,1,1
13,2,555242,42,Urban,Secondary,Fourth,1,1
119,9,1083028,36,Rural,Secondary,Second,0,0
19,3,1673424,30,Rural,Primary,Highest,0,0
35,11,1005028,25,Rural,Secondary,Middle,1,1
99,9,790140,31,Rural,Secondary,Middle,1,0
89,4,416294,17,Urban,No education,Second,0,0
117,7,854085,21,Rural,Secondary,Lowest,1,0
90,2,616888,40,Rural,Secondary,Middle,1,1
77,2,1763906,45,Urban,Secondary,Second,1,1
42,12,1067836,18,Rural,Primary,Fourth,1,1
1,10,462329,18,Urban,No education,Second,1,1
15,2,354430,17,Urban,Secondary,Highest,1,0
36,4,1568652,42,Urban,Secondary,Fourth,1,1
5,3,1693765,25,Urban,Primary,Middle,1,0
61,5,1432655,26,Rural,No education,Fourth,0,0
94,4,441957,15,Rural,Secondary,Fourth,0,0
116,4,402342,49,Urban,Primary,Fourth,1,1
59,7,556870,30,Rural,Primary,Middle,0,0
106,3,1414261,42,Rural,Secondary,Highest,1,0
119,11,1436247,39,Urban,No education,Second,1,0
104,9,1548664,19,Urban,No education,Middle,1,0
56,10,400248,43,Rural,No education,Second,1,0
40,3,487481,34,Urban,Higher,Middle,1,1
118,9,1645431,36,Rural,Primary,Highest,0,0
30,11,1689553,22,Urban,Secondary,Fourth,1,1
50,3,1374836,44,Rural,Higher,Second,1,0
9,10,414359,47,Rural,Secondary,Highest,1,0
96,5,356362,29,Urban,Secondary,Fourth,1,0
78,10,336159,18,Urban,Secondary,Middle,1,0
11,6,1322362,44,Rural,Primary,Lowest,1,0
27,10,1561248,46,Rural,Secondary,Middle,1,1
67,2,1229024,32,Rural,Higher,Highest,1,0
65,5,656258,35,Urban,Secondary,Middle,1,1
97,4,1423891,22,Urban,Primary,Lowest,0,0
32,3,341651,17,Rural,Primary,Lowest,1,0
111,4,1533706,48,Rural,Secondary,Highest,1,1
54,5,1632418,31,Urban,No education,Middle,1,0
99,2,1363443,24,Rural,Secondary,Fourth,1,1
29,9,1612859,39,Rural,Primary,Second,1,1
5,7,1158573,15,Urban,Secondary,Lowest,1,0
7,10,975965,17,Urban,Secondary,Middle,1,0
45,9,749818,23,Urban,Primary,Fourth,1,1
115,2,1678649,30,Rural,Primary,Second,1,1
6,1,1330774,27,Rural,Secondary,Fourth,1,1
45,6,545266,21,Rural,Primary,Middle,1,0
14,6,1733305,27,Urban,Primary,Second,0,1
112,3,341767,26,Rural,Primary,Second,1,1
82,10,1160658,33,Rural,Primary,Second,1,1
92,7,545341,34,Rural,Secondary,Second,1,0
86,9,1279734,45,Rural,No education,Fourth,0,0
79,2,889611,43,Urban,Primary,Second,1,0
93,10,927548,25,Rural,Secondary,Fourth,0,1
1,3,1290891,46,Rural,No education,Second,1,1
104,6,1421987,33,Urban,Primary,Second,0,0
89,6,839065,21,Urban,Secondary,Highest,1,1
89,10,1796384,26,Rural,Secondary,Highest,1,0
48,4,1022632,40,Rural,Secondary,Middle,1,1
97,3,498603,43,Urban,Secondary,Second,1,1
46,5,259917,28,Rural,Primary,Fourth,1,0
6,5,563728,20,Rural,Primary,Lowest,1,0
109,3,1321195,21,Urban,Higher,Middle,1,0
29,3,1086128,18,Rural,Secondary,Middle,1,0
13,3,773637,39,Rural,Secondary,Fourth,1,0
75,6,996131,32,Rural,Primary,Lowest,0,0
29,5,1549093,30,Urban,Primary,Lowest,1,0
103,5,1135933,38,Urban,No education,Second,1,0
54,9,340049,44,Rural,Secondary,Lowest,1,0
1,3,326064,42,Urban,Secondary,Middle,0,0
115,11,997178,19,Rural,Primary,Highest,1,0
62,10,876628,35,Rural,Primary,Second,1,0
32,3,1568277,45,Urban,Primary,Middle,1,0
82,4,1153616,42,Rural,No education,Second,1,0
64,3,1423135,26,Rural,Secondary,Lowest,1,0
4,4,1157046,28,Rural,Secondary,Fourth,1,0
92,5,785182,46,Rural,Primary,Second,1,0
49,2,1268867,16,Urban,Secondary,Middle,1,0
84,1,1213214,33,Urban,Higher,Fourth,1,0
108,6,1366334,19,Rural,No education,Highest,1,0
74,9,543323,46,Rural,Primary,Lowest,1,0
81,4,1244398,16,Rural,Primary,Middle,1,0
31,11,692478,15,Rural,No education,Highest,1,0
29,5,1474876,26,Urban,Secondary,Middle,0,1
50,11,1487713,22,Rural,Secondary,Lowest,1,1
103,3,1218378,32,Urban,No education,Second,1,0
63,7,1717382,25,Urban,No education,Fourth,1,0
42,10,1083136,27,Rural,Secondary,Fourth,1,1
94,1,288963,34,Rural,Primary,Second,1,0
103,12,1189604,34,Rural,Secondary,Lowest,1,0
109,5,1455429,47,Urban,Secondary,Second,1,0
36,6,406849,31,Rural,Secondary,Second,1,0
86,8,412130,34,Rural,Secondary,Fourth,1,1
71,8,673392,38,Rural,Secondary,Highest,1,0
54,1,1558582,21,Rural,Secondary,Lowest,1,0
48,11,1067469,38,Rural,Primary,Fourth,1,1
14,8,1763481,45,Rural,Primary,Fourth,0,0
33,12,1603130,26,Urban,Primary,Fourth,0,0
66,6,1109992,21,Urban,Primary,Highest,1,0
107,8,1302529,27,Rural,No education,Lowest,0,0
104,6,763052,24,Rural,Primary,Fourth,1,0
23,11,390132,35,Urban,Primary,Lowest,1,0
82,10,868043,45,Urban,No education,Highest,0,0
11,11,1168026,35,Rural,Primary,Middle,1,1
82,7,532398,19,Rural,Secondary,Lowest,1,0
42,10,593693,26,Urban,Secondary,Fourth,1,0
54,5,273240,39,Rural,Secondary,Fourth,1,0
87,6,1387725,26,Rural,Secondary,Middle,0,1
51,10,1644115,35,Rural,Secondary,Second,1,0
97,1,1532533,39,Urban,Secondary,Lowest,1,1
65,9,838995,26,Rural,No education,Highest,1,1
120,1,1169857,37,Urban,Higher,Lowest,1,0
77,7,1739246,28,Urban,No education,Highest,1,0
36,6,1166612,19,Rural,Secondary,Middle,1,1
94,6,708625,28,Rural,Secondary,Fourth,1,1
49,6,774816,30,Urban,Primary,Fourth,0,0
65,6,1377054,15,Rural,Secondary,Highest,1,1
17,5,941687,46,Urban,Primary,Lowest,1,0
15,6,1547823,33,Rural,No education,Highest,1,0
69,7,1589367,16,Rural,No education,Lowest,1,0
23,10,305542,45,Rural,No education,Highest,1,1
120,7,1371146,44,Rural,No education,Second,1,0
103,8,823437,15,Rural,Secondary,Highest,1,0
85,11,1055618,20,Rural,Secondary,Lowest,1,0
89,12,660430,27,Rural,Primary,Middle,1,0
72,2,820760,32,Rural,Secondary,Middle,1,0
8,9,762089,40,Urban,No education,Highest,1,0
48,3,328088,29,Rural,Primary,Lowest,1,1
60,3,1463295,36,Urban,Secondary,Lowest,1,0
110,10,471661,15,Rural,Higher,Fourth,1,0
27,1,832487,38,Urban,Primary,Lowest,1,0
60,11,549189,47,Urban,No education,Fourth,0,0
42,10,498944,33,Rural,Secondary,Lowest,0,0
17,12,828744,30,Urban,Secondary,Highest,0,0
13,9,1674087,25,Urban,Primary,Middle,1,0
44,11,1713422,48,Rural,Primary,Highest,1,0
10,2,841635,16,Urban,No education,Lowest,1,0
9,11,1032987,25,Urban,Secondary,Second,0,1
43,2,1777832,19,Rural,Higher,Middle,1,0
25,4,614002,45,Urban,Secondary,Lowest,0,0
67,2,1714296,31,Urban,Primary,Lowest,1,0
3,5,413912,47,Urban,Secondary,Second,1,0
37,9,600073,38,Urban,Secondary,Fourth,0,0
55,4,774373,34,Urban,Primary,Fourth,1,1
116,10,307480,33,Urban,Secondary,Lowest,1,0
77,8,1514382,22,Rural,Primary,Lowest,0,0
106,8,1575894,34,Rural,Primary,Fourth,1,0
42,12,844181,38,Urban,Secondary,Second,0,0
54,6,1546398,48,Urban,Primary,Fourth,0,1
51,5,1447383,34,Rural,Higher,Second,0,0
107,12,1492178,47,Rural,Primary,Second,1,0
116,7,1494192,48,Rural,Primary,Second,1,0
116,8,1138897,33,Rural,Primary,Second,1,0
91,4,421772,30,Urban,Secondary,Fourth,1,1
61,3,1681404,19,Rural,Primary,Middle,1,0
65,3,1193422,24,Rural,Secondary,Fourth,1,0
118,3,1646959,45,Rural,Primary,Lowest,1,0
35,3,1736598,19,Urban,Primary,Middle,1,0
42,9,540101,28,Urban,Secondary,Middle,1,1
108,1,873314,39,Urban,No education,Highest,1,0
47,8,548365,23,Urban,Secondary,Middle,1,0
29,12,328963,49,Urban,Primary,Lowest,1,0
68,10,1747929,37,Rural,Primary,Fourth,1,1
40,5,1681119,15,Urban,Secondary,Lowest,1,1
107,1,1694200,23,Rural,Secondary,Highest,1,0
110,11,1619682,40,Urban,Secondary,Second,1,0
37,1,1255599,45,Urban,Primary,Fourth,1,1
64,9,1059319,47,Rural,Primary,Fourth,1,0
119,9,1786784,44,Rural,Secondary,Middle,1,0
90,3,1105992,17,Urban,Secondary,Middle,1,1
26,9,1245768,40,Rural,Secondary,Lowest,0,0
71,3,578198,18,Urban,Secondary,Lowest,0,1
75,3,1407397,17,Urban,Secondary,Fourth,0,1
79,10,1520148,39,Rural,Primary,Highest,0,1
4,12,1301718,31,Urban,Secondary,Highest,1,0
36,4,1022830,37,Rural,No education,Second,0,0
103,12,556695,44,Urban,Primary,Second,1,0
29,11,302510,17,Rural,Secondary,Second,1,1
36,10,1222330,33,Rural,Primary,Fourth,1,1
39,2,1308673,44,Urban,Primary,Fourth,0,1
22,4,1447553,30,Urban,Secondary,Fourth,1,0
19,9,1723269,33,Rural,Secondary,Highest,1,1
42,12,1020909,32,Rural,Secondary,Second,1,0
105,10,1535183,46,Rural,Higher,Fourth,0,1
1,6,1360251,16,Rural,Primary,Middle,1,0
34,3,679657,45,Rural,Secondary,Highest,0,0
8,12,1559936,43,Urban,No education,Second,1,0
68,4,332653,43,Rural,Primary,Lowest,1,0
31,5,1178279,29,Urban,Primary,Second,1,0
96,12,1707544,33,Rural,No education,Fourth,1,0
71,7,1271393,27,Urban,Primary,Highest,0,0
95,4,1702447,23,Urban,Primary,Highest,1,0
77,1,337045,45,Rural,Secondary,Lowest,1,0
53,6,1075243,32,Rural,Primary,Middle,1,0
104,12,1459948,40,Rural,No education,Lowest,1,0
58,6,1245591,18,Rural,Higher,Second,0,0
114,9,1614831,42,Rural,Secondary,Highest,1,0
120,4,967030,38,Rural,Higher,Highest,1,1
71,10,1308034,49,Rural,Primary,Lowest,0,0
81,10,900636,19,Rural,No education,Lowest,1,1
31,8,1601785,33,Rural,Secondary,Fourth,0,0
98,10,435145,32,Rural,Secondary,Middle,1,0
81,7,643885,33,Rural,No education,Middle,1,0
109,5,399966,16,Urban,Secondary,Highest,0,0
33,9,1338255,31,Rural,Secondary,Highest,1,1
95,11,610734,25,Urban,Secondary,Highest,1,0
57,11,741563,36,Urban,Primary,Fourth,1,1
23,3,1546793,23,Rural,Secondary,Highest,1,1
21,9,808283,30,Urban,Primary,Fourth,1,0
68,1,476040,36,Rural,Higher,Highest,1,1
39,7,282504,17,Rural,Primary,Middle,1,0
13,7,601382,42,Urban,No education,Lowest,1,0
52,5,1667762,40,Rural,No education,Highest,1,0
79,12,1100351,17,Urban,Secondary,Highest,1,1
39,11,1791990,17,Rural,Higher,Second,1,0
115,1,583453,44,Rural,Secondary,Middle,0,0
94,3,794792,24,Urban,Secondary,Middle,1,0
62,3,502970,45,Urban,Higher,Fourth,1,1
113,11,867488,32,Urban,Secondary,Fourth,1,1
52,7,1123140,26,Rural,Primary,Second,1,0
17,9,1502599,24,Urban,Secondary,Highest,1,0
5,10,820544,38,Rural,No education,Highest,1,0
113,10,1445873,18,Urban,Primary,Highest,1,1
116,2,1220546,29,Rural,Primary,Middle,1,0
89,2,702309,27,Urban,Primary,Lowest,1,0
13,5,1663918,20,Rural,Higher,Highest,0,1
36,5,923080,27,Urban,Higher,Lowest,1,1
5,9,484039,33,Rural,Primary,Lowest,0,0
7,2,1742183,38,Rural,Secondary,Second,1,0
30,5,1665822,18,Urban,Primary,Lowest,0,0
69,3,326789,45,Rural,No education,Fourth,0,0
8,3,1648859,45,Urban,Primary,Middle,0,0
119,3,1718435,39,Rural,Primary,Second,1,0
55,3,1535085,47,Rural,Primary,Lowest,1,1
32,7,645244,29,Rural,Primary,Second,1,0
62,5,1228493,43,Urban,No education,Fourth,1,0
95,6,1084273,40,Urban,Primary,Fourth,1,1
38,6,1211227,34,Urban,Higher,Second,0,0
6,9,1205488,21,Urban,No education,Lowest,0,1
7,11,1240779,34,Urban,Primary,Middle,1,0
103,7,1046701,46,Rural,Secondary,Fourth,1,0
14,8,1320268,49,Rural,Primary,Lowest,1,1
77,9,1066240,30,Rural,Primary,Fourth,1,0
47,9,275547,23,Urban,No education,Lowest,1,1
94,2,304687,41,Urban,Secondary,Second,0,0
8,12,1735043,17,Rural,Secondary,Fourth,1,1
108,2,1659338,20,Urban,Secondary,Lowest,0,0
84,5,1157685,34,Urban,Secondary,Second,1,1
54,8,520613,49,Rural,Primary,Lowest,1,0
25,5,1461272,26,Rural,Primary,Second,1,1
118,3,472100,30,Rural,Primary,Fourth,0,0
37,12,834786,26,Urban,Primary,Second,1,0
59,1,761282,30,Rural,No education,Lowest,0,1
48,3,269215,15,Urban,Primary,Second,1,0
28,12,1500865,35,Urban,Secondary,Lowest,0,0
50,9,1040088,35,Rural,No education,Fourth,0,0
19,2,740191,26,Urban,No education,Highest,1,1
1,10,1036144,24,Rural,Secondary,Lowest,0,0
35,12,250001,41,Rural,Primary,Fourth,0,0
14,2,927333,21,Urban,Secondary,Second,1,1
50,5,1055350,16,Rural,Higher,Lowest,1,0
104,6,776561,16,Rural,Higher,Fourth,1,0
20,2,1537090,45,Rural,Primary,Second,1,0
1,3,637230,27,Rural,Primary,Middle,1,1
14,3,463628,18,Rural,Secondary,Middle,1,0
61,3,1067694,45,Urban,Secondary,Middle,0,0
33,5,1625278,20,Rural,Secondary,Lowest,1,0
59,6,831681,26,Rural,Primary,Second,0,0
4,3,322268,15,Urban,No education,Fourth,1,0
40,4,1753394,38,Urban,Primary,Highest,1,0
50,3,938661,39,Rural,No education,Lowest,1,1
52,10,518037,41,Rural,No education,Middle,1,0
67,3,1204203,24,Rural,Higher,Highest,0,1
94,11,745481,26,Rural,No education,Second,1,0
57,7,1703577,47,Rural,Secondary,Middle,1,0
101,10,705638,43,Rural,Higher,Highest,1,1
64,8,1102710,16,Rural,Primary,Highest,1,1
32,4,1092129,39,Urban,Secondary,Fourth,0,0
28,8,625784,43,Urban,Secondary,Fourth,1,0
39,4,1023884,34,Rural,Primary,Fourth,1,0
72,2,419061,37,Rural,Primary,Second,0,0
30,4,1247797,15,Rural,Secondary,Highest,1,0
110,4,1425393,16,Urban,Secondary,Lowest,1,1
58,2,1722502,16,Urban,Secondary,Lowest,1,0
104,1,754959,20,Rural,Higher,Fourth,1,0
82,12,692092,49,Rural,Primary,Highest,1,0
41,7,1100654,37,Urban,Secondary,Highest,1,1
28,5,1323795,42,Rural,Secondary,Fourth,1,0
90,12,1788320,25,Rural,Secondary,Second,1,1
40,3,288812,47,Rural,Secondary,Second,1,0
30,5,619373,21,Urban,Secondary,Middle,0,1
112,11,656702,46,Rural,Secondary,Second,1,1
58,8,645842,16,Rural,Primary,Middle,0,0
6,5,968765,15,Rural,Secondary,Lowest,0,0
60,4,1603010,17,Urban,Primary,Second,1,1
56,1,298041,42,Rural,Secondary,Highest,1,1
104,2,1514554,24,Rural,Secondary,Fourth,0,1
86,2,1207387,30,Urban,Secondary,Lowest,1,0
23,10,1203559,31,Rural,Primary,Second,1,0
19,8,1301381,42,Rural,Primary,Second,1,0
73,6,428883,27,Rural,Primary,Second,1,0
6,10,1407434,15,Urban,No education,Fourth,1,0
39,2,634604,28,Rural,Primary,Highest,0,1
17,3,1050690,25,Urban,Higher,Fourth,1,1
3,5,1299161,40,Rural,Primary,Middle,1,0
111,12,1186114,41,Rural,Higher,Lowest,1,1
11,8,750843,18,Urban,Primary,Lowest,1,0
2,11,863901,42,Urban,Secondary,Highest,1,1
112,3,988592,17,Urban,Secondary,Fourth,1,1
23,11,313942,36,Rural,Secondary,Middle,1,1
98,1,1375365,28,Rural,Secondary,Middle,1,0
4,3,404925,25,Rural,Secondary,Highest,0,0
19,7,960804,31,Urban,Higher,Highest,1,1
14,1,1265243,25,Urban,Secondary,Lowest,1,0
85,11,374607,42,Urban,No education,Second,1,1
75,11,1793110,48,Rural,Primary,Lowest,1,1
58,7,834696,43,Rural,Secondary,Second,1,0
29,4,274495,30,Rural,Primary,Fourth,0,0
11,2,1270882,32,Urban,Secondary,Second,1,1
69,8,1114254,30,Rural,Secondary,Lowest,0,0
28,7,1242514,42,Urban,Primary,Middle,1,0
71,10,1414063,34,Rural,Secondary,Middle,1,0
83,8,987232,31,Rural,Secondary,Fourth,1,1
102,2,1531500,29,Rural,Secondary,Lowest,1,0
60,2,823732,28,Rural,Secondary,Second,0,0
1,10,1095067,34,Urban,Secondary,Fourth,1,1
34,2,495699,39,Rural,Secondary,Fourth,1,1
103,12,1210869,30,Urban,Higher,Highest,1,0
64,2,655475,43,Rural,No education,Highest,0,0
75,9,1329923,43,Urban,Secondary,Highest,1,1
55,12,1491634,30,Urban,Secondary,Middle,1,0
20,6,1581397,46,Urban,Primary,Highest,1,0
108,1,1690076,21,Urban,Primary,Middle,1,0
93,11,439548,47,Rural,Secondary,Highest,0,0
120,3,463886,25,Rural,Primary,Second,1,1
103,7,1685582,34,Urban,Higher,Middle,1,1
35,12,840282,24,Rural,Primary,Fourth,1,0
31,9,290326,30,Rural,No education,Second,1,0
30,1,694834,26,Urban,Secondary,Lowest,1,1
111,10,1546109,39,Rural,Primary,Highest,1,0
67,2,800234,17,Rural,No education,Middle,0,1
55,9,368947,44,Rural,Secondary,Highest,1,1
117,8,1369269,46,Urban,Secondary,Second,1,0
73,4,551673,34,Rural,No education,Highest,1,0
110,6,796842,34,Urban,Secondary,Fourth,1,0
119,2,256035,39,Urban,Secondary,Fourth,1,0
10,12,1183095,21,Rural,Secondary,Fourth,1,0
44,3,940147,41,Rural,Primary,Second,1,0
89,4,1593926,22,Rural,Primary,Highest,1,0
98,7,768256,38,Urban,Higher,Highest,1,1
18,9,567138,25,Urban,Secondary,Fourth,1,1
39,7,507289,41,Urban,No education,Highest,0,0
66,7,560246,42,Urban,Secondary,Highest,1,1
96,7,949189,22,Urban,Primary,Fourth,1,1
14,11,385108,36,Rural,Secondary,Middle,1,1
73,5,873674,32,Rural,Secondary,Highest,1,1
36,10,1574756,25,Rural,Higher,Lowest,1,1
26,10,1439874,35,Rural,Higher,Middle,0,1
62,12,1237752,49,Urban,Primary,Highest,1,0
50,11,1634351,15,Rural,Secondary,Highest,1,1
77,10,1459333,48,Urban,Primary,Second,0,0
39,3,1261479,44,Rural,Secondary,Lowest,0,0
99,10,1587754,33,Urban,Secondary,Second,1,0
10,9,442836,36,Rural,No education,Highest,1,1
104,4,1518300,27,Rural,No education,Middle,0,0
4,9,707855,19,Rural,No education,Lowest,0,0
89,4,1386247,35,Rural,No education,Lowest,1,0
42,7,1665643,43,Rural,Primary,Second,0,0
47,10,1018838,23,Urban,Higher,Second,1,1
3,3,387538,40,Rural,Primary,Lowest,0,0
85,5,823854,41,Rural,Secondary,Middle,1,1
20,10,880626,41,Rural,Secondary,Middle,1,0
80,6,1701939,26,Rural,Secondary,Lowest,1,0
88,12,1710882,28,Urban,Primary,Second,1,1
102,1,1131122,29,Rural,Secondary,Fourth,0,0
85,9,1723530,44,Rural,Secondary,Highest,0,0
37,10,926250,46,Urban,Secondary,Highest,0,0
89,12,887364,29,Urban,Higher,Middle,0,0
100,2,1546585,48,Urban,Secondary,Lowest,1,0
39,12,1284465,34,Rural,Secondary,Highest,1,1
15,5,1059684,28,Urban,Secondary,Highest,1,0
107,5,957955,15,Urban,Primary,Second,0,0
18,5,1343689,36,Urban,Secondary,Middle,1,1
72,8,1417863,37,Rural,No education,Lowest,1,0
29,8,1010414,48,Urban,No education,Highest,1,1
16,6,298951,40,Urban,Secondary,Fourth,1,1
94,1,407846,16,Rural,No education,Lowest,1,0
18,12,473443,34,Urban,Higher,Fourth,1,0
81,3,966236,40,Rural,No education,Middle,1,0
84,2,1202008,32,Rural,Secondary,Middle,1,0
8,8,1495839,30,Rural,Primary,Second,0,0
21,5,610456,43,Rural,Higher,Highest,1,0
96,8,1469226,36,Urban,Primary,Middle,1,1
61,11,1282381,38,Urban,No education,Highest,0,0
15,2,330068,31,Urban,No education,Lowest,1,0
120,4,794395,24,Urban,Secondary,Middle,0,0
32,7,719123,33,Urban,Higher,Second,1,1
1,10,1624300,48,Rural,Higher,Highest,1,0
111,8,1677855,36,Urban,Primary,Middle,1,1
2,5,1519852,39,Urban,Primary,Fourth,1,0
67,8,1068409,19,Rural,No education,Lowest,1,1
120,12,1013898,49,Rural,Secondary,Fourth,1,1
70,6,732803,23,Urban,Secondary,Lowest,1,0
71,11,1447987,48,Urban,Primary,Second,1,0
47,10,383737,30,Urban,Secondary,Second,1,0
16,4,670263,47,Urban,Secondary,Lowest,1,0
69,3,459574,46,Rural,No education,Middle,1,0
108,10,1016102,41,Rural,Primary,Second,1,0
11,3,714621,47,Rural,Primary,Middle,1,0
106,5,556097,36,Rural,No education,Fourth,0,0
50,3,833441,44,Rural,No education,Lowest,0,0
65,8,1584373,21,Rural,Secondary,Fourth,1,0
20,4,1114915,17,Urban,No education,Second,0,0
75,8,1525754,34,Urban,Secondary,Second,0,0
22,12,1666552,43,Rural,Secondary,Middle,1,1
33,10,1648331,41,Rural,Higher,Fourth,1,1
87,12,794050,33,Urban,Secondary,Fourth,1,0
7,1,1610089,33,Urban,Primary,Lowest,1,0
54,6,1659532,36,Urban,No education,Middle,1,0
72,3,1737374,45,Urban,Primary,Second,1,1
16,12,794054,44,Rural,Higher,Second,1,0
36,9,603921,18,Rural,Higher,Highest,1,1
42,4,1155624,35,Rural,Primary,Lowest,1,0
80,7,1694327,28,Urban,Primary,Middle,1,0
118,8,1645961,42,Urban,Primary,Middle,1,0
101,6,1135380,32,Rural,Primary,Second,0,0
23,6,481320,49,Rural,Higher,Fourth,1,0
3,1,904867,30,Urban,Primary,Middle,1,1
7,6,1356887,38,Urban,Primary,Fourth,1,1
72,5,1118579,18,Rural,Primary,Second,0,0
19,10,785481,47,Rural,No education,Highest,1,0
28,11,781033,20,Rural,Primary,Fourth,1,0
102,10,342612,28,Rural,Secondary,Second,1,0
105,1,697257,44,Rural,No education,Highest,1,1
101,11,1287534,48,Rural,Secondary,Highest,0,0
31,5,624037,31,Urban,Primary,Middle,1,1
75,5,1789758,31,Rural,No education,Lowest,1,1
74,12,377763,16,Rural,No education,Middle,0,0
23,11,1162599,49,Urban,Primary,Fourth,1,0
67,1,1019675,15,Rural,No education,Second,1,0
64,5,1541621,15,Urban,Primary,Lowest,1,0
48,9,1626030,31,Urban,Secondary,Middle,1,1
91,7,1092392,15,Urban,Secondary,Highest,1,0
82,4,1226735,20,Rural,Higher,Second,1,1
64,7,1333378,36,Rural,Primary,Middle,1,0
88,11,1057512,39,Rural,Secondary,Lowest,0,0
92,3,536576,25,Rural,Secondary,Fourth,1,1
69,9,914319,42,Rural,Primary,Highest,1,1
33,9,624406,36,Rural,Primary,Fourth,1,0
92,11,969822,22,Rural,Secondary,Middle,1,1
87,4,1203489,39,Rural,Secondary,Lowest,1,1
119,3,574379,35,Rural,Primary,Middle,0,0
18,7,636608,43,Rural,Primary,Highest,0,0
51,7,1525550,20,Rural,Higher,Lowest,1,0
111,5,835484,23,Urban,No education,Second,1,0
62,10,557493,25,Rural,Higher,Highest,1,0
114,10,1355419,26,Rural,Secondary,Middle,0,0
2,3,1360765,46,Urban,Secondary,Lowest,1,1
5,10,1530547,40,Rural,Secondary,Lowest,1,0
96,3,1427976,34,Urban,Primary,Middle,0,0
44,5,1787550,33,Urban,Secondary,Middle,1,0
63,1,1141047,46,Urban,Secondary,Highest,1,1
52,5,694574,30,Rural,Secondary,Highest,0,1
49,12,1587535,22,Rural,Primary,Middle,1,0
113,6,660464,19,Urban,Primary,Middle,0,0
12,9,701128,26,Rural,Primary,Highest,1,0
93,2,1534166,37,Urban,Primary,Fourth,1,0
107,8,1616506,31,Rural,Secondary,Second,0,0
79,5,775978,29,Rural,Secondary,Fourth,0,1
48,9,1380586,31,Rural,Secondary,Fourth,0,1
20,12,1679712,49,Rural,Secondary,Second,0,0
82,7,1488062,49,Rural,Primary,Highest,1,0
57,2,257740,20,Rural,Primary,Second,0,0
18,6,1280098,19,Urban,Primary,Middle,1,0
44,2,513331,23,Urban,Primary,Middle,0,1
116,6,1561831,44,Urban,No education,Fourth,1,0
32,1,353912,31,Rural,Primary,Highest,0,1
22,8,1789303,45,Rural,Primary,Second,1,0
82,4,524859,37,Rural,Secondary,Second,1,0
24,3,901252,34,Urban,No education,Fourth,1,1
111,1,612831,24,Urban,Primary,Highest,0,0
104,11,1511569,27,Rural,No education,Highest,1,0
119,11,859923,20,Rural,Secondary,Fourth,1,1
110,10,1404098,33,Urban,Secondary,Fourth,0,0
30,1,354188,24,Urban,Primary,Fourth,1,0
26,5,951948,25,Urban,No education,Highest,1,0
42,12,1662130,16,Rural,Higher,Lowest,1,0
57,7,1686770,42,Urban,Secondary,Middle,1,0
106,2,573474,47,Urban,Secondary,Lowest,1,0
89,2,861360,32,Rural,Secondary,Middle,0,1
78,4,884127,33,Urban,Secondary,Second,1,0
106,12,1126472,47,Rural,Secondary,Second,0,0
78,3,1082872,32,Urban,Primary,Highest,0,0
46,11,414210,36,Rural,Secondary,Fourth,0,0
50,9,1432133,29,Rural,Primary,Middle,1,0
63,12,599951,33,Urban,Secondary,Highest,1,1
11,10,738158,33,Urban,Primary,Lowest,1,1
90,4,1553079,39,Rural,No education,Fourth,1,0
79,10,1318961,36,Rural,Higher,Lowest,1,0
88,3,864656,32,Urban,Secondary,Second,1,0
65,4,1664334,17,Urban,Primary,Lowest,1,1
94,3,860830,46,Urban,Higher,Middle,0,0
114,2,1126517,46,Rural,Primary,Fourth,1,0
69,2,631270,21,Rural,Primary,Fourth,1,1
54,3,533950,25,Rural,Secondary,Middle,1,0
13,2,1011996,49,Urban,Primary,Highest,1,0
94,5,1122680,26,Rural,Primary,Second,1,0
109,1,1499016,43,Rural,Secondary,Lowest,0,0
84,1,855901,42,Urban,No education,Lowest,1,0
104,12,1637504,45,Urban,Primary,Lowest,1,0
104,2,1191445,15,Urban,Primary,Middle,1,0
96,1,358677,31,Rural,Secondary,Middle,0,0
61,1,1395607,34,Rural,No education,Highest,0,0
12,2,1140972,44,Rural,Primary,Lowest,1,0
1,7,853497,22,Rural,Secondary,Second,1,1
25,10,974273,25,Urban,No education,Highest,1,1
52,9,717776,21,Urban,Primary,Lowest,1,1
90,7,1202136,41,Urban,Secondary,Middle,0,0
55,2,1128774,49,Rural,Secondary,Lowest,0,0
3,10,943277,19,Rural,No education,Middle,1,0
26,1,692055,23,Urban,Secondary,Highest,0,1
118,8,867899,25,Urban,Secondary,Second,1,1
119,5,1021648,46,Rural,Primary,Second,1,0
46,11,981415,30,Rural,Secondary,Middle,1,0
97,4,729402,24,Rural,Secondary,Fourth,1,0
87,8,1152098,26,Urban,Secondary,Highest,0,1
112,6,601149,35,Rural,Secondary,Lowest,1,0
107,7,1026523,28,Rural,Secondary,Middle,1,0
76,12,438401,19,Rural,Higher,Fourth,1,1
48,9,981823,43,Rural,Secondary,Lowest,0,0
76,5,1465169,29,Rural,Secondary,Highest,0,0
39,6,1517644,23,Rural,Secondary,Second,0,0
42,9,1326775,40,Rural,Secondary,Middle,1,0
74,5,1405754,41,Rural,Higher,Highest,1,0
69,3,352222,20,Urban,Primary,Fourth,1,0
70,6,779136,17,Rural,No education,Highest,1,1
47,1,1264088,16,Rural,Secondary,Fourth,0,1
50,3,1490894,41,Urban,Primary,Second,1,0
2,6,1153416,36,Urban,Secondary,Fourth,0,0
73,10,1573158,42,Rural,Secondary,Fourth,1,0
70,10,673249,36,Rural,Higher,Second,0,1
113,4,487912,29,Rural,Primary,Lowest,1,0
61,6,383889,35,Rural,Secondary,Fourth,0,1
57,2,1153157,40,Rural,Primary,Middle,1,1
9,10,1281036,28,Rural,Secondary,Fourth,0,0
24,3,692233,47,Urban,No education,Lowest,1,0
41,10,1464668,46,Urban,Primary,Middle,0,0
46,11,1395717,43,Rural,Secondary,Highest,1,1
44,9,808207,49,Urban,Secondary,Highest,1,0
48,4,620117,28,Rural,Secondary,Highest,1,1
93,12,1400591,18,Rural,Primary,Second,0,0
16,9,1290675,31,Rural,No education,Lowest,1,0
40,8,514718,41,Urban,No education,Middle,1,0
20,11,645443,42,Rural,Higher,Middle,1,1
37,11,1003248,28,Urban,Higher,Second,0,0
83,1,1042272,25,Rural,Primary,Lowest,1,0
6,11,507236,30,Urban,Primary,Lowest,1,0
41,10,1720402,43,Rural,Primary,Second,0,0
3,3,852405,17,Rural,Secondary,Fourth,1,1
115,4,841026,26,Urban,Primary,Lowest,1,1
88,10,343825,23,Urban,No education,Lowest,0,1
30,3,1607394,43,Rural,Primary,Second,1,1
24,6,614473,31,Urban,Primary,Highest,1,0
12,9,1779764,18,Urban,Primary,Highest,1,0
57,8,1018826,24,Rural,No education,Middle,0,0
91,11,1606018,16,Rural,Secondary,Lowest,1,0
71,2,527638,31,Rural,Secondary,Lowest,1,0
106,4,507092,49,Rural,Primary,Highest,1,0
42,12,1491726,34,Rural,Secondary,Middle,0,0
34,7,1520470,45,Rural,Primary,Lowest,1,0
58,3,1091794,40,Rural,Secondary,Highest,1,0
25,4,299831,45,Rural,Higher,Middle,1,1
118,5,1712770,25,Urban,No education,Second,1,1
23,7,859617,48,Urban,Secondary,Middle,1,0
58,4,1700775,23,Rural,Secondary,Second,1,1
63,8,1599636,30,Urban,Secondary,Highest,1,0
